code,name_pt,name_en,end_use,sterile_at_import,unit_value_usd,gross_weight,net_weight;;;;;;;;;;;
18568,Descongelador de Sêmen e Embriões - Verde,Semen and Embryo Thaw Unit - Green,Veterinary Use,NO,299,0.95,0.575;;;;;;;;;;;
10130,Camisinha para Aspiração Folicular,Sanitary Chemise for Follicular Aspiration,Veterinary Use,NO,11,0.2,0.195;;;;;;;;;;;
"33831,""Lacrador 0,25 -  Corpo Redondo - Laranja"",Rounded Straw Sealing 0.25 - Orange,Veterinary Use,NO,40,0.03,0.02";;;;;;;;;;;
31665,Aplicador de Sêmen com Trava Automática de Alumínio para Novilhas - Vermelho,Semen Applicator with Aluminum Automatic Lock for Hefers - Red,Veterinary artificial insemination instrument for bovine use.Country of Origin: Brazil,NO,50,0.08,0.04;;;;;;;;;;;
32067,Camisinha Sanitária para Transferência de Embriões - IMV,Sanity Chamise for Embryo Transfer - IMV,Veterinary Use,NO,15,0.095,0.09;;;;;;;;;;;
"24157, Guia da Agulha Adaptador Mandril Leve com Furo 20G,Light Mandrel Adapter Needle Guide with Hole 20G-,""Reusable needle guide for use in aspiration guides, veterinary accessory for oocyte aspiration.Country of origin: Brazil"",NO,12,0.09,0.07";;;;;;;;;;;
10522, Cordão do Aquecedor de Bolso, Pocket Heater Cord,Replacement part for maintenance of veterinary animal reproduction equipment.,NO,1.82,0.01,0.008;;;;;;;;;;;
26158,Conector Dupont 4 vias - Alojamento Mini-,4-Way Dupont Mini-Latch Housing,Replacement part for maintenance of veterinary animal reproduction equipment.,NO,0.02,0.0027,0.0026;;;;;;;;;;;
15707,Conector Macho para Placa 3 Posições,3-Position Male PCB Connector,Replacement part for maintenance of veterinary animal reproduction equipment.,NO,0.44,0.0008,0.0008;;;;;;;;;;;
16715, Conector Macho para Placa 2 posiçõe,2-Position Male PCB Connector,Replacement part for maintenance of veterinary animal reproduction equipment.,NO,0.24,0.0004,0.0004;;;;;;;;;;;
15691, Conector Macho para Placa 6 Posições,6-Position Male PCB Connector,Replacement part for maintenance of veterinary animal reproduction equipment.,NO,0.49,0.03,0.02;;;;;;;;;;;
16713,Conector Fêmea para Placa 2 posições,2-Position Female PCB Connector,Replacement part for maintenance of veterinary animal reproduction equipment.,NO,0.05,0.0009,0.0009;;;;;;;;;;;
19434, Conector Fêmea para Placa 6 posições,6-Position Female PCB Connector,Replacement part for maintenance of veterinary animal reproduction equipment.,NO,0.13,0.03,0.02;;;;;;;;;;;
17218,Terminal para Conector Femea,Female Connector Terminal ,Replacement part for maintenance of veterinary animal reproduction equipment.,NO,0.03,0.0006,0.0006;;;;;;;;;;;
12824,Terminal para Conector Série 2545 Fêmea,Female Connector Series 2545 Terminal,Replacement part for maintenance of veterinary animal reproduction equipment.,NO,0.03,0.0006,0.0005;;;;;;;;;;;
"24726,"" Acabamento Display OLED 1,3"","" 1.3"""" OLED Display Bezel"",Replacement part for maintenance of veterinary animal reproduction equipment.,NO,0.25,0.0038,0.0038";;;;;;;;;;;
15022,Cordão do Aquecedor de Bolso,Pocket Heater Cord,Replacement part for maintenance of veterinary animal reproduction equipment.,NO,2.11,0.01,0.008;;;;;;;;;;;
26494,Fechamento Inferior da Mesa Estendida para Lupa,Extended Table Bottom Cover for Magnifie,Replacement part for maintenance of veterinary animal reproduction equipment.,NO,5.54,0.08,0.07;;;;;;;;;;;
16980,Módulo Aquecedor Slim,Slim Heater Module,Replacement part for maintenance of veterinary animal reproduction equipment.,NO,38.8,0.0003,0.0003;;;;;;;;;;;
"24691,""Chicote Cabo Flexível 0,50 mm² Laranja"", 0.50 mm² Orange Cable Harness,Replacement part for maintenance of veterinary animal reproduction equipment.,NO,0.71,0.0105,0.01";;;;;;;;;;;
16991,Pé de Borracha Auto-Adesivo Redondo,-Self-Adhesive Rubber Foot,Replacement part for maintenance of veterinary animal reproduction equipment.,NO,0.12,0.0001,0.0001;;;;;;;;;;;
11378,Sensor de Pressão MPX5700DP,Pressure Sensor MPX5700DP,Replacement part for maintenance of veterinary animal reproduction equipment.,NO,15.83,0.0053,0.0053;;;;;;;;;;;
12755, Válvula Solenóide 12V Normal Aberta ,12V Normally Open Solenoid Valve,Replacement part for maintenance of veterinary animal reproduction equipment.,NO,37.75,0.0002,0.0002;;;;;;;;;;;
"11088,"" Anel Oring 3,97 mm int x Ø 1,2 mm"",O-Ring,Replacement part for maintenance of veterinary animal reproduction equipment.,NO,0.12,0.0001,0.0001";;;;;;;;;;;
31299,Tubo Elastomero T 8.0 X 4.0 mm Natural,Natural Elastomer Tube 8.0 × 4.0 mm,Replacement part for maintenance of veterinary animal reproduction equipment.,NO,0.01,0.0345,0.034;;;;;;;;;;;
12258,Resistência Silicone,Silicone Heating,Replacement part for maintenance of veterinary animal reproduction equipment.,NO,1.38,0.012,0.01;;;;;;;;;;;
"13196,""Cabo de Cobre Flexível 1,00 mm² Preto"",1.00 mm² Black Flexible Copper Cable,Replacement part for maintenance of veterinary animal reproduction equipment.,NO,0.31,0.0147,0.0147";;;;;;;;;;;
"13610,""Cabo de Cobre Flexível 1,00 mm² Vermelho"",1.00 mm² Red Flexible Copper Cable,Replacement part for maintenance of veterinary animal reproduction equipment.,NO,0.31,0.0147,0.0147";;;;;;;;;;;
"11560,"" Cabo Flexível 0,50 mm² Cobre Estanhado  Laranja"",0.50 mm² Orange Tinned Copper Cable,Replacement part for maintenance of veterinary animal reproduction equipment.,NO,0.3,0.0075,0.0075";;;;;;;;;;;
"11035,"" Cabo Flexível 0,50 mm² Cobre Estanhado Preto"",0.50 mm² Black Tinned Copper Cable,Replacement part for maintenance of veterinary animal reproduction equipment.,NO,0.11,0.0075,0.0075";;;;;;;;;;;
21952,Acabamento de Fixação para LED,3 mm LED Mounting Bezel,Replacement part for maintenance of veterinary animal reproduction equipment.,NO,2.8,0.001,0.001;;;;;;;;;;;
11974, Resistencia Cartucho,Cartridge Heater,Replacement part for maintenance of veterinary animal reproduction equipment.,NO,7.25,0.0005,0.0005;;;;;;;;;;;
18616, Pé de Borracha Auto-Adesivo Redondo Transparente ,Clear Self-Adhesive Rubber Foot,Replacement part for maintenance of veterinary animal reproduction equipment.,NO,0.15,0.0006,0.0005;;;;;;;;;;;
10544, Passador de Fio em borracha ,Rubber Wire Grommet ,Replacement part for maintenance of veterinary animal reproduction equipment.,NO,0.17,0.002,0.001;;;;;;;;;;;
27193, Selo de Garantia Redondo - Casca de Ovo,Round Warranty Seal,Replacement part for maintenance of veterinary animal reproduction equipment.,NO,0.11,0.002,0.001;;;;;;;;;;;
15667,Rebite Com Rosca M5 Cabeça Fina Corpo Recartilhado,M5 Knurled Rivet Nut,Replacement part for maintenance of veterinary animal reproduction equipment.,NO,0.03,0.0001,0.0001;;;;;;;;;;;
15668, Parafuso Inox com Cabeça Abaulada Allen M05 x 16mm,16 mm Button Head Allen Screw,Replacement part for maintenance of veterinary animal reproduction equipment.,NO,0.05,0.0003,0.0002;;;;;;;;;;;
10482,Arruela para M3,M3  Flat Washer,Replacement part for maintenance of veterinary animal reproduction equipment.,NO,0.02,0.007,0.006;;;;;;;;;;;
15635, Sensor de Temperatura Digita, Digital Temperature Sensor,Replacement part for maintenance of veterinary animal reproduction equipment.,NO,0.72,0.002,0.001;;;;;;;;;;;
10985,Sensor de temperatura LM35,LM35 Temperature Sensor,Replacement part for maintenance of veterinary animal reproduction equipment.,NO,1.27,0.0002,0.0002;;;;;;;;;;;
12853,Conexão Pneumática Inox Derivação Dupla (c/ 2 Espigões),Pneumatic Tee Connector,Replacement part for maintenance of veterinary animal reproduction equipment.,NO,6.58,0.005,0.004;;;;;;;;;;;
12032,Conexão Saída Única WTA,WTA Single Outlet Connector,Replacement part for maintenance of veterinary animal reproduction equipment.,NO,2.81,0.005,0.003;;;;;;;;;;;
"13081,""Tubo de Poliuretano Atoxico Natural 6,0 x 3,8 mm"",Natural Polyurethane Tube 6.0 × 3.8 mm,Replacement part for maintenance of veterinary animal reproduction equipment.,NO,0.71,0.04,0.03";;;;;;;;;;;
12854,Conexão Pneumática Inox Derivação Simples (c/ 1 Espigão,Pneumatic Straight Connector,Replacement part for maintenance of veterinary animal reproduction equipment.,NO,4.24,0.029,0.028;;;;;;;;;;;
"20068,""Cabo Flexível 0,50 mm²  Cobre Estanhado Verde"",0.50 mm² Green Tinned Copper Cable,Replacement part for maintenance of veterinary animal reproduction equipment.,NO,0.3,0.0147,0.0147";;;;;;;;;;;
18850,Fita Adesiva Metalizada Para Emenda Da Manta Térmica,Metalized Adhesive Tape for Heating Blanket Splice,Replacement part for maintenance of veterinary animal reproduction equipment.,NO,1.32,0.1,0.1;;;;;;;;;;;
26026,Pasta Térmica Thermal Silver,Thermal Silver Compound,Replacement part for maintenance of veterinary animal reproduction equipment.,NO,7.25,0.52,0.05;;;;;;;;;;;
10010, Parafuso Inox Allen com Cabeça Cilindrica M03 X 20mm,M3 × 20 mm  Socket Head Cap Screw,Replacement part for maintenance of veterinary animal reproduction equipment.,NO,0.02,0.0001,0.0001;;;;;;;;;;;
21918,Fita 3M ,3M Thermal Pad White 210 × 300 × 1 mm,Replacement part for maintenance of veterinary animal reproduction equipment.,NO,0.17,0.001,0.001;;;;;;;;;;;
12953,Conjunto do Puxador do Descongelador Injetado,Molded Defroster Handle Assembly,Replacement part for maintenance of veterinary animal reproduction equipment.,NO,0.15,0.0002,0.0001;;;;;;;;;;;
23218, Display OLed,Blue OLED Display,Replacement part for maintenance of veterinary animal reproduction equipment.,NO,4.7,0.0002,0.0001;;;;;;;;;;;
14117,Conexão de Plástico Colder HT5 5/32 HB ,HT5 Plastic Coupling,Replacement part for maintenance of veterinary animal reproduction equipment.,NO,1.58,0.0012,0.0012;;;;;;;;;;;
12852, Conexão Pneumática Inox Espigão X Macho M5,Pneumatic Hose Barb x M5 Male Connector,Replacement part for maintenance of veterinary animal reproduction equipment.,NO,3.35,0.0003,0.0002;;;;;;;;;;;
13402, Conexão de Inox Painel Mangueira,Panel Mount Hose Connector 6.35 mm x M5 Female Thread,Replacement part for maintenance of veterinary animal reproduction equipment.,NO,4.28,0.0001,0.0001;;;;;;;;;;;
22804, Sinalizador ZD led olho de boi vermelho, 12V Red LED Indicator,Replacement part for maintenance of veterinary animal reproduction equipment.,NO,1.78,0.0001,0.0001;;;;;;;;;;;
25308,- Botão Antivandalismo,- 16 mm Anti-Vandal Push Button,Replacement part for maintenance of veterinary animal reproduction equipment.,NO,3.85,0.0001,0.0001;;;;;;;;;;;
11562,Botão da Válvula Controladora de Fluxo,Flow Control Valve Knob,Replacement part for maintenance of veterinary animal reproduction equipment.,NO,7.36,0.0002,0.0002;;;;;;;;;;;
11566,Válvula Controladora de Fluxo WTA,Válvula Controladora de Fluxo WTA,Replacement part for maintenance of veterinary animal reproduction equipment.,NO,19.83,0.0003,0.0003;;;;;;;;;;;
11377, Sensor de Pressão MPX5100DP,Pressure Sensor MPX5100DP,Replacement part for maintenance of veterinary animal reproduction equipment.,NO,17.39,0.006,0.005;;;;;;;;;;;
25376,Parafuso Tampa da Bateria do Transportador Série V,Screw  Cover do Transporter Series V,Replacement part for maintenance of veterinary animal reproduction equipment.,NO,3.66,0.0001,0.0001;;;;;;;;;;;
"14669,""Chicote S2SD 40 Vias 23"""" Single Ended Samtec "",Cable Harness S2SD 40,Replacement part for maintenance of veterinary animal reproduction equipment.,NO,32.09,0.0001,0.0001";;;;;;;;;;;
"15882,""Chicote S2SD 20 Vias 23"""" Single Ended Samtec"",Cable Harness S2SD 20,Replacement part for maintenance of veterinary animal reproduction equipment.,NO,19.57,0.0001,0.0001";;;;;;;;;;;
17215,Led Bicolor 3mm, Bi-color LED 3mm,Replacement part for maintenance of veterinary animal reproduction equipment.,NO,0.2,0.003,0.002;;;;;;;;;;;
14003,Fechamento Tubo Injetado B,Injection Molded Tube Closure B,Replacement part for maintenance of veterinary animal reproduction equipment.,NO,0.4,0.0001,0.0001;;;;;;;;;;;
13038,Alça do Descongelador Injetada,Injection Molded Defroster Handle,Replacement part for maintenance of veterinary animal reproduction equipment.,NO,0.43,0.0001,0.0001;;;;;;;;;;;
19518,Conjunto da Tampa do Descongelador DSPM ,Defroster Cover Assembly DSPM,Replacement part for maintenance of veterinary animal reproduction equipment.,NO,1.51,0.0002,0.0001;;;;;;;;;;;
14002,Fechamento Tubo Injetado A,Injection Molded Tube Closure A,Replacement part for maintenance of veterinary animal reproduction equipment.,NO,1.57,0.0001,0.0001;;;;;;;;;;;
"24689,"" Chicote Conector P4 Fêmea Painel Modelo DC-022 ( redondo ) 2,1mm"",Cable Harness Connector P4 Female Panel Mount Model DC-022,Replacement part for maintenance of veterinary animal reproduction equipment.,NO,0.67,0.0001,0.0001";;;;;;;;;;;
24690,Chicote Cabo Tipo Manga 3 Vias x 26 AWG com Blindagem Preto,Cable Harness Cable Sleeved 3 Way x 26 AWG Shielded Black,Replacement part for maintenance of veterinary animal reproduction equipment.,NO,5.75,0.0001,0.0001;;;;;;;;;;;
"34343,Camisa para Haste do Mandril de Guias ,Sleeve for Guide Mandrel Shaft,""External mandrel alignment guide, integral equipment component designed to ensure proper positioning and operation of the assembly./Veterinary use.Country of Origin: Brazil"",NO,9.54,0.2,0.2";;;;;;;;;;;
"31035,Bolsa para Transporte - Descongelador,Semen and Embryo Thawing Bag ,""Practical bag for transporting veterinary supplies.";;;;;;;;;;;
"Material: Nylon. Country of origin: Brazil"",NO,28.8,0.892,0.89";;;;;;;;;;;
"18955,""novulador para Embriões 0,50 - Trava Automática de Plástico"",ET Gun 0.50 - Automatic Plastic Lock - Blue,Used to inseminate semen into cow/Veterinary use.Country of Origin: Brazil,NO,54,0.07,0.05";;;;;;;;;;;
30383,Suporte Placa Carregadora UPS 1.01 Injetado,Injection Molded Plastic Support for Circuit Board,Replacement part for maintenance of veterinary animal reproduction equipment.,NO,0.27,0.0006,0.0005;;;;;;;;;;;
27912,Avental Fechado Bordado,Embroidered Open Apron,Waterproof nylon apron to protect the user from dirt and fluids during animal procedures/veterinary use.Country of Origin: Brazil (BR),NO,153.3,0.32,0.31;;;;;;;;;;;
27495,Rack de Alumínio para 2 Placas Petri de 35mm,Rack for 2 Petri Dish - 35mm ,Used to keep tube warmer/Veterinary use.Aluminum Cast Country: Brazil (BR),NO,100.01,0.1,0.09;;;;;;;;;;;
20981,Mandril Leve para Guia de Aspiração,Lightweight Chuck for Suction Guide,Item used as a consumable interface in portable animal husbandry equipmentCountry of Origin: Brazil (BR),NO,109.5,0.05,0.035;;;;;;;;;;;
"28771,"" Aplicador de Sêmen 0,25 para Novilha com Trava Automática de Plástico - Vermelho"",Universal Semen Applicator Heifers with Automatic Plastic Lock - Red ,Veterinary instrument used for artificial insemination procedures in heifers. Intended exclusively for livestock reproductive management. Not for human medical use.Country of Origin: Brazil (BR),NO,30.11,0.06,0.035";;;;;;;;;;;
21710,Suporte Impresso Placa Rev: 04/10 V6 -,3D-Printed PCB Support – Rev 04/10 V6,Replacement part for maintenance of veterinary animal reproduction equipment.,NO,2.1,0.0002,0.0001;;;;;;;;;;;
"16008,"" Bucha de Poliacetal 8,0 x 3,1 x 5,0 mm"",Polyacetal Bushing 8.0 x 3.1 x 5.0 mm,Items used for maintenance on veterinary equipment.,NO,3.4,0.0002,0.0001";;;;;;;;;;;
18819, Arruela de Adaptação para Botão ,Button Adapter Washer,Replacement part for maintenance of veterinary animal reproduction equipment.,NO,6.71,0.0003,0.0002;;;;;;;;;;;
11040,Botão 2 posições Preto sem retenção,2-Position Black Momentary Switch (Non-Latching),Replacement part for maintenance of veterinary animal reproduction equipment.,NO,1.82,0.0002,0.0001;;;;;;;;;;;
21953, Trava do Acabamento e Fixação para LED 3mm,3 mm LED Mounting Clip (Holder and Retainer),Items used for maintenance on veterinary equipment.,NO,0.15,0.001,0.001;;;;;;;;;;;
"10983,Microcontrolador PIC 16F876A,""Microcontroller PIC16F876A, integrated circuit used for control applications"",Replacement part for maintenance of veterinary animal reproduction equipment.,NO,5.89,0.003,0.002";;;;;;;;;;;
10995,Display LCD 16X2 com backlight azul,16x2 LCD Display with Blue Backlight,Replacement part for maintenance of veterinary animal reproduction equipment.,NO,17.7,0.025,0.0225;;;;;;;;;;;
"12067, Conector P4 Fêmea Painel Modelo DC-022,""DC Power Jack (P4) Female Panel Mount, Model DC-022, 2.1 mm (Round)"",Replacement part for maintenance of veterinary animal reproduction equipment.,NO,0.22,0.0002,0.0002";;;;;;;;;;;
17215,- Led Bicolor 3mm,3 mm Bi-Color LED,Items used for maintenance on veterinary equipment.,NO,0.18,0.003,0.002;;;;;;;;;;;
15692, Conector Fêmea para Placa 3 Posições,3-Pin Female PCB Connector,Replacement part for maintenance of veterinary animal reproduction equipment.,NO,0.07,0.003,0.002;;;;;;;;;;;
11041, Botão 3 Posições Preto ,3-Position Black Switch,Items used for maintenance on veterinary equipment.,NO,0.94,0.0033,0.0033;;;;;;;;;;;
23010,Placa Eletrônica Carregador ,Electronic UPS Charger Board Assembly (Version 1.1.0) – Revision B0,Replacement part for maintenance of veterinary animal reproduction equipment.,NO,38.87,0.004,0.003;;;;;;;;;;;
"15031,Placa Eletrônica REV: 04/10 V6,""Electronic UPS Charger Board Assembly (Version 1.1.0), used for power supply and battery charging control"",Items used for maintenance on veterinary equipment.,NO,3.4,0.05,0.075";;;;;;;;;;;
"18958,""Inovulador para Embriões 0,50 - Trava Automática de Plástico - Vermelho"",""Transfer guns for  ET 0,50Automatic Lock reed"",Used to inseminate semen into cow/Veterinary use.Country of Origin: Brazil,NO,54,0.07,0.05";;;;;;;;;;;
23058, Descongelador (Personalizado) de Sêmen e Embriões ,Thaw Unit Custom Pink-Farm,Thaw unit for farm semen/embryos,NO,201.75,1.018,0.9;;;;;;;;;;;
26226,Acabamento de Borda Display, Edge Finishing Display,Parts for apparatus of heading 8536/8537                                      ,NO,0.85,0.0422,0.042;;;;;;;;;;;
26489, Inferior da Camisa do Bloco Transportador Série V ,Lower Liner of the V-Series Conveyor Block,Other articles of plastics                                                    ,NO,0,0.0089,0.0088;;;;;;;;;;;
20883,Contato para bateria - 1017-1,Battery contact ,Other electrical apparatus for switching                                      ,NO,0.22,0.0005,0.0004;;;;;;;;;;;
13439, Fita Adesiva de  EVA  50 x 3 mm,EVA Adhesive Tape 50 x 3 mm,Self-adhesive plates/sheets/tapes of plastics                                 ,NO,1,0.0133,0.0133;;;;;;;;;;;
11038,Fita Adesiva de  EVA  40 x 6 mm,EVA Adhesive Tape 40 x 6 mm,Replacement part for maintenance of veterinary animal reproduction equipment.                                 ,NO,0.66,0.0127,0.0127;;;;;;;;;;;
"11120,"" Terminal Ilhos 1,50mm"",1.50mm Eyelet Terminal,Other electrical apparatus for switching                                      ,NO,0.03,0.0004,0.0003";;;;;;;;;;;
14397, Kit para Umidificação da Incubadora EVE,EVE Incubator Humidification Kit,Parts of heating/cooling equipment                                            ,NO,14.29,0.165,0.16;;;;;;;;;;;
"29649,""- Anel Oring 4,00 mm int x Ø 1,00 mm"",Oring Ring 4.00 mm int x Ø 1.00 mm,""Gaskets, washers and other seals of rubber                                    "",NO,0.96,0.0002,0.0001";;;;;;;;;;;
"30583,Anel de Silicone para Transportadores Serie V, Silicone Ring for V Series Conveyors,""Gaskets, washers and other seals of rubber                                    "",NO,2.27,0.0052,0.005";;;;;;;;;;;
"28226,"" Acabamento de Borda Display OLED 2,42"",Edge Finish 2.42 OLED Display,Items used for maintenance on veterinary equipment.,NO,0,0.0422,0.042";;;;;;;;;;;
"15634,""Terminal Ilhos 0,50mm"",0.50mm Eyelet Terminal,Replacement part for maintenance of veterinary animal reproduction equipment.                                     ,NO,0.01,0.0001,0.0001";;;;;;;;;;;
"13715,""Terminal Ilhos 2,50mm"",2.50mm Eyelet Terminal,Replacement part for maintenance of veterinary animal reproduction equipment.                                    ,NO,0.02,0.0008,0.0008";;;;;;;;;;;
24372,Módulo Bluetooth Redbear WTA,Redbear WTA Bluetooth Module,Replacement part for maintenance of veterinary animal reproduction equipment.,NO,0.96,0.0012,0.001;;;;;;;;;;;
"21292,"" Anel Oring Ø 8,40 mm int. x 1,80 mm de seção"",O-ring Ø 8.40 mm inner diameter x 1.80 mm cross-section,""Gaskets, washers and other seals of rubber                                    "",NO,2.96,0.0002,0.0001";;;;;;;;;;;
10386,Terminal fêmea 6.6 mm p/ cabo 1.0 mm2 (vermelho),6.6 mm female terminal for 1.0 mm² cable (red),Other electrical apparatus for switching                                    ,NO,0.09,0.0006,0.0006;;;;;;;;;;;
"34019,Anel Elastico Din 6799 Eixo 5mm,Elastic Ring,""Gaskets, washers and other seals of rubber      "",NO,0.1,0.0006,0.0005";;;;;;;;;;;
24498, Fechamento Inferior da Mesa Aquecedora New,Lower Closure for New Heating Table,Parts of heating equipment .Replacement part for maintenance of veterinary animal reproduction equipment.                                                 ,NO,5.46,0.115,0.11;;;;;;;;;;;
18616,Pé de Borracha Auto-Adesivo Redondo Transparente, Round Transparent Self-Adhesive Rubber Foot,Other articles of vulcanized rubber           ,NO,0.34,0.0006,0.0005;;;;;;;;;;;
18007,Pushbutton ,Pushbutton ,Replacement part for maintenance of veterinary animal reproduction equipment.                       ,NO,7.62,0.0006,0.0005;;;;;;;;;;;
10226, Pé de Borracha - 3M,Rubber Foot - 3M,Other articles of vulcanized rubber       ,NO,0.47,0.0002,0.0001;;;;;;;;;;;
"30356,"" Acrílico de Proteção do OLED 2,42"",Items used for maintenance on veterinary equipment.,Other articles of plastics                                                    ,NO,1.35,0.0002,0.0001";;;;;;;;;;;
12405, Acabamento Plástico de Fixação do Display LCD 16 x 2,Plastic Finish for Fixing the 16 x 2 LCD Display,Replacement part for maintenance of veterinary animal reproduction equipment.     ,NO,0.5,0.0002,0.0001;;;;;;;;;;;
15066,- Conexão de Plástico (Y sem rosca) - HY8,Plastic Connection (Y without thread) - HY8,Items used for maintenance on veterinary equipment.Other articles of plastics                                                    ,NO,4.06,0.05,0.04;;;;;;;;;;;
27900, Conector de Inox Luer Lock,Stainless steel Luer Lock connector,Items used for maintenance on veterinary equipment.,NO,1.7,0.0005,0.0002;;;;;;;;;;;
"15933,Dispositivo Endometrix,Endometrix ,""Collection device for infection inspection; for exclusive use in bovine procedures. New, unused product/for veterinary use. Country of origin: Brazil"",NO,102.24,0.25,0.245";;;;;;;;;;;
18483,Aquecedor de Filtro,Filter warmer,Tube or filter heater for veterinary and laboratory use. Keeps biological samples at a constant temperature during transport or procedures.veterinary use only,NO,0,1.8,0.905;;;;;;;;;;;
"29398,Aquecedor de Bolso para tubo de 50 mL com bateria - Preto,Pocket Heater  - BLACK,""Portable device for maintaining temperature of laboratory collection tubes (50 mL). Used in animal handling environments to preserve sample stability during field operations. Compact, reusable, and easy to operate. Non-medical device, not intended for human use.veterinary use only"",NO,200,0.64,0.18";;;;;;;;;;;
29938,Aquecedor de Bolso para tubo de 50 mL com bateria - Preto,Pocket Warmer with battery for 50 mL tube - Black ,Used keep 50ml tubes in oocyte collection,NO,0,0.64,0.18;;;;;;;;;;;
"29396,Aquecedor de Bolso para tubo de 50 mL com bateria - Laranja,Pocket Heater Blue - ORANGE,""Portable device for maintaining temperature of laboratory collection tubes (50 mL). Used in animal handling environments to preserve sample stability during field operations. Compact, reusable, and easy to operate. Non-medical device, not intended for human use.veterinary use only.Country of Origin: Brazil"",NO,200,0.64,0.18";;;;;;;;;;;
"29394,Aquecedor de Bolso com Bateria para Tubo de 50 mL -AZUL,Pocket Tube Heater - Blue,""Portable device for maintaining temperature of laboratory collection tubes (50 mL). Used in animal handling environments to preserve sample stability during field operations. Compact, reusable, and easy to operate. Non-medical device, not intended for human use.veterinary use only.Country of Origin: Brazil"",NO,200,0.64,0.18";;;;;;;;;;;
21424,Termistor Sensor de Temperatura,Thermistor Temperature Sensor,Replacement part for maintenance of veterinary animal reproduction equipment.                                  ,NO,0.23,0.0001,0.0001;;;;;;;;;;;
11934,Diodo Led 3mm emissor de luz Verde,3mm Green LED,Replacement part for maintenance of veterinary animal reproduction equipment.,NO,0.05,0.0001,0.0001;;;;;;;;;;;
23055,Filtro Hidrofóbico,Hydrophobic Filter,Items used for maintenance on veterinary equipment.Filtering/purifying machinery for liquids                                     ,NO,2.8,0.003,0.002;;;;;;;;;;;
"14809,Rolha de Aluminio Da EVE VERMELHO-005 POLIDO BRILHANTE,""EVE Aluminum Stopper, Red-005, Polished Shine"",Items used for maintenance on veterinary equipment.Other articles of aluminum                                                    ,NO,37.74,0.002,0.001";;;;;;;;;;;
16837,Arruela Frontal de Adaptação Conector P4,Front Adapter Washer for P4 Connector,Items used for maintenance on veterinary equipment.                                       ,NO,0.1,0.0002,0.0001;;;;;;;;;;;
30192, Placa Eletrônica Montada para BV-005 ,Assembled Electronic Board for BV-005,Boards for electrical control                                                 ,NO,126.6,0.05,0.045;;;;;;;;;;;
23009,Placa Eletrônica Controladora Geni,Geni Electronic Controller Board,Replacement part for maintenance of veterinary animal reproduction equipment.                                ,NO,45.47,0.2,0.18;;;;;;;;;;;
26523,Anel do Intermediário do Transportador Série V,Intermediate Ring for V Series Conveyor,Other articles of plastic,NO,2.22,0.011,0.01;;;;;;;;;;;
26486,Camisa do Bloco Transportador Série V 2020,Shirt of the Series V Transport Block,Other articles of plastic,NO,44.53,0.0089,0.0088;;;;;;;;;;;
21950, Lacre de Garantia Retangular - Casca de Ovo,Rectangular Warranty Seal - Eggshell,Replacement part for maintenance of veterinary animal reproduction equipment.,NO,0.15,0.002,0.001;;;;;;;;;;;
"21901,""Disco de Acrílico Transparente Ø 54,5mm x 3mm de espessura "",Transparent Acrylic Disc Ø 54.5mm x 3mm thick,Replacement part for maintenance of veterinary animal reproduction equipment.                         ,NO,3.23,0.002,0.001";;;;;;;;;;;
"30228,""Disco de Acrílico Transparente Ø 54,5mm x 3mm de espessura"",Transparent Acrylic Disc Ø 54.5mm x 3mm thick,Replacement part for maintenance of veterinary animal reproduction equipment.                            ,NO,0.33,0.0004,0.0003";;;;;;;;;;;
32254,Conversor de tensão step-up,Step-up voltage converter,Static converters(DC/DC),NO,4.97,0.011,0.01;;;;;;;;;;;
29607, Intermediário da Lab Mix Série V,Laboratory Equipment Connector,Item used in the assembly and maintenance of veterinary medical equipment.,NO,8.15,0.09,0.085;;;;;;;;;;;
33651, Intermediário da LabMix Série V - Thermos,Laboratory Equipment Connector (Thermos Model,Parts of electrical apparatus for switching or protecting electrical .,NO,24.01,0.115,0.11;;;;;;;;;;;
32882,Incubadora de Bancada EVE 6 Câmaras,Benchtop Incubator EVE – Farm IVF 6 cameras ,Benchtop incubator for farm-side IVF,NO,9615.38,30.27,23.34;;;;;;;;;;;
"29904,- Aplicador para Transferência de Embriões em Marmoset,Embryo Transfer Applicator Designed for Marmosets, For agricultural use only; not for medical use,NO,28,0.012,0.01";;;;;;;;;;;
"29904,- Aplicador para Transferência de Embriões em Marmoset,Embryo Transfer Applicator Designed for Marmosets,For agricultural use only; not for medical use,NO,28,0.012,0.01";;;;;;;;;;;
"25958,Válvula Submersa para Gado (Sem Boia) ,Submerged Valve For Livestock,""Automatically Used to Maintain Water Levels in Livestock";;;;;;;;;;;
"Tanks"",NO,30,0.06,0.055";;;;;;;;;;;
33920,Agulha de Equino Duplo Fluxo 16G Scraper  - (Embal),Equine Double-Flow Follicular Aspiration System 16 G,OPU mandrel tip for veterinary follicular aspiration in horses / for veterinary use,NO,6.97,0.032,0.0255;;;;;;;;;;;
"27499,Rack para Placa de Petri 60mm,Rack for Petri Dish - 60mm,""Support for 60mm plates, used as an accessory during the preparation and screening of animal samples in farm handling operations for exclusively agricultural use; not intended for medical use.Aluminum Cast Country: Brazil.'(BR)"",NO,100.01,0.08,0.075";;;;;;;;;;;
27907,Avental Aberto Bordado,Embroidered Open Apron,Waterproof nylon apron to protect the user from dirt and fluids during animal procedures/veterinary use,NO,22.5,0.24,0.23;;;;;;;;;;;
31597,Incubadora de Bancada EVE H,Benchtop Incubator EVE,,NO,2400,12.91,9;;;;;;;;;;;
"29522,Sistema Prático de Aspiração para Ovinos - 5cm Maior (Embal.),Follicular aspiration system - Ovine,""Single-use hollow tube assembly with connectors, used as a consumable component in portable livestock handling equipment for collecting sheep genetic material in field conditions. For agricultural use only; not for medicinal purposes.Country of Origin: Brazil"",NO,12.5,0.045,0.04";;;;;;;;;;;
25407,Conjunto Bloco TE Transportador Série VC,Block Assembly TE Conveyor Series V,Structural component of veterinary equipment,NO,155.69,0.405,0.4;;;;;;;;;;;
"13132,""° Parafuso Inox Allen com Cabeça Cilindrica Ø1/4"""" x 3/4"""""",Allen screw with cylindrical head,Stainless steel screws for assembly and maintenance of veterinary medical equipment.,NO,0,0.0089,0.0088";;;;;;;;;;;
13263,Parafuso Inox com Cabeça Lentilha Philips M03 x 16 mm,Screw with Lentil Head M03X16mm,Replacement part for maintenance of veterinary animal reproduction equipment.,NO,0.09,0.002,0.001;;;;;;;;;;;
13757,Parafuso ivox M03X10,Screw with Lentil Head M03X12mm,Stainless steel screws for assembly and maintenance of veterinary medical equipment.,NO,0,0.002,0.001;;;;;;;;;;;
10469, Parafuso Inox com Cabeça Lentilha Philips M03 X 10mm,Phillips Head Screw M03 x 10mm,Replacement part for maintenance of veterinary animal reproduction equipment.,NO,0.05,0.0007,0.0007;;;;;;;;;;;
"26041,Sistema para Aspiração Folicular WTA Completo - 20G com Isolação (completo) - (Embal.),""Livestock Field Suction Set – Yellow, Insulated, Complete"",""Disposable field kit, used as a consumable accessory in animal handling operations within cattle production environments; not intended for medical use.Country of origin: Brazi"",NO,4.86,0.055,0.05";;;;;;;;;;;
19221,Fonte desktop 15V,POWER ADAPTER ,Items used for maintenance on veterinary equipment.,NO,12.7,0.32,0.315;;;;;;;;;;;
10278,Parafuso Inox com Cabeça Lentilha Philips M03 X 06mm,Phillips Head Screw M03 x 06mmM03 x 06mm,Replacement part for maintenance of veterinary animal reproduction equipment.,NO,0.07,0.0089,0.0088;;;;;;;;;;;
31024, Parafuso para Plástico Ø3 x 6mm,Screw for Plastic Ø3 x 6mm,Stainless steel screws for assembly and maintenance of veterinary medical equipment.,NO,0,0.005,0.004;;;;;;;;;;;
22798,Alojamento Bateria,Battery Housing,Replacement part for maintenance of veterinary animal reproduction equipment.,NO,1.26,0.0001,0.0001;;;;;;;;;;;
23008,Placa Eletrônica Controladora Angélica PHB,Electronic Control Board,Replacement part for maintenance of veterinary animal reproduction equipment.,NO,15.92,0.015,0.011;;;;;;;;;;;
24692,Chicote Cabo Flat 14 Vias 28AWG Cinza,14-Wire 28AWG Gray Flat Cable Harness,Replacement part for maintenance of veterinary animal reproduction equipment,NO,0.57,0.0001,0.0001;;;;;;;;;;;
24690,Chicote Cabo Tipo Manga 3 Vias,3-Way Sleeve Type Cable Harness,Part of veterinary instrument for electrical connection,NO,0.81,0.012,0.01;;;;;;;;;;;
12146,Acabamento Plástico de Fixação do Display LCD 8 x 2,Plastic Finish for Fixing the 8 x 2 LCD Display,Replacement part for maintenance of veterinary animal reproduction equipment.,NO,0.67,0.002,0.001;;;;;;;;;;;
13954,Conector Box Header 14Vias 180º S/Ejetor,14-Pin Box Header Connector,Replacement part for maintenance of veterinary animal reproduction equipment.,NO,0.14,0.002,0.001;;;;;;;;;;;
12065, Display LCD 8x2 com back-light Azul,Display with Blue back-light,Replacement part for maintenance of veterinary animal reproduction equipment.,NO,1.47,0.03,0.02;;;;;;;;;;;
23011, Placa Eletrônica de Temperatura TCB 2.0.1 NW D-Comprado,TCB 2.0.1 NW Electronic Temperature Control Board,Replacement part for maintenance of veterinary animal reproduction equipment.,NO,8.75,0.2,0.01;;;;;;;;;;;
15135,Teclado de Membrana para Descongelador,Membrane Keyboard for Defroster,Items used for maintenance on veterinary equipment.,NO,2.68,0.006,0.005;;;;;;;;;;;
"12023,""Cabo de Força Tripolar NBR14136 X IEC C14 Fêmea com 1,5m cor Preto"",Tripolar Power Cable NBR14136 X IEC C14,Items used for maintenance on veterinary equipment.,NO,1.42,0.2,0.1";;;;;;;;;;;
"33916,Sistema Prático de Aspiração 18G para Ovinos,""Livestock Field Suction Line – Non-Sterile, Single-Use"",""Single-use line w/ hollow tube set with connectors, employed as a consumable part in portable livestock breed management equipment for collection of ovine genetic material under field conditions. Non-sterile, for agricultural use only; not for medical"",NO,4.86,0.03,0.02";;;;;;;;;;;
"30517,Bloco Montado LabMix Série V,Livestock Field Mixing Base – V Series,""Assembled machine base employed to secure small vials during on-farm transport of livestock samples. Non-sterile, for agricultural use only; not for medical use."",NO,155.69,0.65,0.64";;;;;;;;;;;
"19324,Etiqueta de esterelização,Process Indicator Label – Self-Adhesive,""Self-adhesive chemical label that changes color when exposed to heat, used to confirm completion of sterilization cycles on livestock consumables. For agricultural use only; not for medical or clinical purposes."",NO,0.01,0.0012,0.001";;;;;;;;;;;
33478,Transportador Versátil de Oócitos e Embriões Série V - 2 Blocos TO/TE- Bovino-INT,Versatile Oocytes and Embryo Transporter V Series - Bovine ,Portable system for transporting veterinary embryos and oocytes. Used in veterinary reproduction procedures. New items. Country of origin: Brazil.,NO,2520,3.29,2.52;;;;;;;;;;;
31505,Transportador Versátil de Oócitos e Embriões Série V - 2 Blocos TO/TE- Bovino-INT,Versatile Oocytes and Embryo Transporter V Series - Bovine - 2 Block,Portable system for transporting veterinary embryos and oocytes. Used in veterinary reproduction procedures. New items. Country of origin: Brazil.,NO,2520,6,4.2;;;;;;;;;;;
17656,Mesa Aquecedora Padrão,Standard Heating Table,Standard heating table for working with embryos on farms.,NO,144.33,2.48,2.25;;;;;;;;;;;
"32667,Mini Filtro para Oócitos (100u),Mini Filter,""Disposable miniature polypropylene filter, with a porosity of 100 µm, used as a consumable component in portable livestock handling equipment for coarse filtration of sheep and goat genetic material under field conditions. Disposable; for veterinary use only; not intended for medical use. Country of origin: Brazil"",NO,31.68,0.12,0.1";;;;;;;;;;;
"32275,Sistema Prático de Aspiração para Ovinos - 10 mm,""Livestock Field Suction Line 10mm – Non-Sterile, Single-Use"",""Single-use line w/ hollow tube set with connectors, employed as a consumable part in portable livestock breed management equipment for collection of ovine genetic material under field conditions. Non-sterile, for agricultural use only; not for medical"",NO,4.86,0.03,0.02";;;;;;;;;;;
"21112,""Bainha para Transferência de Embriões 0,25 - Ponta Plástica - Com Camisinha Sanitaria - Bovinos"",""Embryo Transfer Sheath 0,25 Plastic (with Sanitary Chemise)"",Disposable veterinary accessory used during bovine embryo transfer procedures. Not intended for human medical use.Country of origin: Brazil,NO,1.46,0.006,0.005";;;;;;;;;;;
10392,Agulha para Aspiração Folicular 20G - Pequenos Ruminantes  (Embal.), Mandrel Tip for Small Ruminantes,Used to collect oocytes from cows ovary/Veterinary use.Country of origin: Brazil,NO,5.36,0.003,0.002;;;;;;;;;;;
"28446,Manga de Palpação M,Livestock Waterproof Palpation Sleeve -Nylon Adjustable,""Waterproof nylon sleeve employed as a reusable protective garment during manual examination of cattle and sheep in field livestock-breeding management. Adjustable neck, unisex design. Non-sterile, for agricultural use only; not for medical use.Country of origin: Brazil"",NO,36,0.165,0.16";;;;;;;;;;;
"21832 ,""Tubo Guia para Reprodução Pecuária – Rosa, "",Livestock Breeding GuideTube – Pink,Disposable guide tube used as a consumable component in livestock reproductive handling kits. Intended exclusively for agricultural and veterinary use; not suitable for injection and not intended for human medical use.Country of origin: Brazil,NO,1.58,0.003,0.002";;;;;;;;;;;
"21835 ,""Tubo Guia para Reprodução Pecuária – Amarelo, Não Estéril"",Livestock Breeding GuideTube – Yellow,Disposable guide tube used as a consumable component in livestock reproductive handling kits. Intended exclusively for agricultural and veterinary use; not suitable for injection and not intended for human medical use.Country of origin: Brazil,NO,1.58,0.003,0.002";;;;;;;;;;;
"28062,- Carregador de Bateria WTA para Pack RRC2020 - TECH,Battery Charger for Livestock Field Pack – RRC2020-TECH,battery charger employed to recharge portable warming equipment used in on-farm livestock breeding procedures. For agricultural use only; not for medical use.,NO,80,0.625,0.62";;;;;;;;;;;
"33652,""Placa de Cultura Celular de 4 Poços 3ml e 2 Poços 1,8ml Com Tampa (PCt c/ 20)"",""Livestock Sample Holding Plate – 6-Well, "",""Robust polypropylene plate with six compartments, used for temporary storage and sorting of animal samples during handling operations on farms. Designed exclusively for veterinary use; not for medical or diagnostic purposes.Country of Origin: Brazil"",NO,27.69,0.45,0.44";;;;;;;;;;;
29294,Aquecedor de Bolso - AB - Preto - Tech,Pocket heater - Black-,Portable heater for maintaining the temperature of laboratory tubes used in veterinary procedures.Country of Origin: Brazil,NO,273.6,0.5,0.4;;;;;;;;;;;
"28448,Bolsa Porta Botas,Boot bag ,""Practical bag for fieldwork with side pockets for coverall and apron, and a central compartment for boots.";;;;;;;;;;;
"Material: Nylon"",NO,5.56,0.5,0.445";;;;;;;;;;;
"25882,Sistema para Aspiração Folicular WTA Completo - 18G com Isolação (completo) - (Embal.),Complete Follicular Aspiration System With Isolation - 18G ,"" Accessory Set Pink– Field Kit";"Disposable field kit composed of metal pointed tube, plastic rod, flexible tubing and connectors, used as consumable accessories in livestock handling operations within bovine production environments. Contains no injection devices, no hollow medical needles, and is not intended for medical use.Country of Origin: Brazil"",NO,9.33,0.055,0.05";;;;;;;;;;
33550, (Em Projeto) Incubadora de Bancada EVE 2 Câmaras - 1 Funda,Benchtop Incubator EVE - 2 High Covers ,,NO,6700,0,0;;;;;;;;;;;
31524,Transportador de Oócitos Série C - Equino - Com Pack – INT,Oocyte Transporter C Series - Equine ,,NO,1850,0,0;;;;;;;;;;;
31524,Transportador de Oócitos Série C - Equino - Com Pack – INT,Oocyte Transporter C Series - Equine ,,NO,1850,0,0;;;;;;;;;;;
18029,Aquecedor de Tubo 50 - ATi,Tube Heater 50mL ,Tubular field heater for heating cattle during artificial insemination/veterinary use only.Country of Origin: Brazil,NO,450,2.4,1.48;;;;;;;;;;;
29455,Congelador de Embriões - Allice 2021 ,EMBRYOS FREEZER - Allice,,NO,2120,0,0;;;;;;;;;;;
"33576,Transportador Versátil de Oócitos e Embriões Série V - Bovino  - TECH,Portable Transporter V-Tech ,""Portable system for transporting veterinary embryos and oocytes with a temperature chamber.";;;;;;;;;;;
"Used for the safe transport and thermal preservation of bovine embryos and oocytes for veterinary reproduction procedures.Country of Origin: Brazil"",NO,2520,4.284,3.825";;;;;;;;;;;
30849,Aquecedor para Tubo de 500 ml Redondo,Round 500 mL Tube Heater – Farm,Round tube heater for cattle field AI,NO,450,1.42,1.41;;;;;;;;;;;
32405,Aquecedor para Tubo de 500 ml Quadrado Equino,Square 500 mL Tube Heater – Equine,Square tube heater for equine field AI,NO,450,1.465,1.46;;;;;;;;;;;
"32764,Bolsa para Transporte - Labmix ,Livestock Carrying Bag – Field Kit,""nylon bag with zipper and handles, designed to store and transport portable livestock breeding management accessories in field conditions. For agricultural use only; not for medical or laboratory use."",NO,11.62,0.3,0.25";;;;;;;;;;;
"30577, Fita Adesiva 72mmX100mm  Personalizada WTA Tech,Custom Printed Packaging Tape – 72 mm × 100 m,""Printed PVC adhesive tape bearing company logo, used for sealing cartons of livestock-breeding supplies. For packaging purposes only; not for medical use.Country of Origin: Brazil"",NO,4.95,0.256,0.255";;;;;;;;;;;
"26146,""Conjunto Bloco TO Transportador Série V - Microtubo  WTA 1,2ml"",Block Assembly TO Conveyor Series V – WTA Microtube 1.2ml,Structural component of veterinary equipment,NO,49.93,1.015,1";;;;;;;;;;;
15064,Placa de Interface 3.0.1 para Mikro MMB Acabada,Interface Board 3.0.1 for Mikro MMB – Finished,Electronic control of veterinary instrument,NO,56.21,0.15,0.1;;;;;;;;;;;
22615,Tampão Macho com Rosca M5,Male Plug with M5 Thread,Veterinary instrument seal,NO,0.66,0.25,0.15;;;;;;;;;;;
23013,Placa Eletrônica Controladora TCB 4.0.1,Electronic Controller Board TCB 4.0.1,Electronic control of veterinary instrument,NO,52.53,0.0012,0.001;;;;;;;;;;;
19314,Proteção do Cabo da Mesa Injetado,Injected Cable Protection for Table,Replacement part for maintenance of veterinary animal reproduction equipment.,NO,0.48,0.007,0.005;;;;;;;;;;;
"33685,Tampa montada Transportador,Assembled Conveyor Cap,""";;;;;;;;;;;
"Part of veterinary equipment transport system"",NO,2.32,0.085,0.08";;;;;;;;;;;
26289,Kit para Guia de Aspiração Universal,Universal Aspiration Guide Kit,Veterinary functional exploratory examination device,NO,14.61,0.0075,0.007;;;;;;;;;;;
30396,Anel de Silicone para Tampa EVE,Silicone Ring for EVE Cap,Veterinary equipment sealing,NO,1.43,0.015,0.01;;;;;;;;;;;
24044, Cooler 12V  80x80x15mm,Cooler 12V 80x80x15mm,Replacement part for maintenance of veterinary animal reproduction equipment.,NO,2.05,0.0002,0.0002;;;;;;;;;;;
24511, Fechamento Inferior da Mesa Aquecedora SMZ NEW,Bottom Cover for SMZ NEW Heating Table,Replacement part for maintenance of veterinary animal reproduction equipment.                                                  ,NO,1.99,0.025,0.02;;;;;;;;;;;
10707,Rebite Com Rosca M3 Cabeça Fina Corpo Recartilhado,Threaded Insert Rivet M3 Thin Head Knurled Body,Replacement part for maintenance of veterinary animal reproduction equipment.,NO,0.03,0.0006,0.0006;;;;;;;;;;;
14120,Conexão de Plástico Fêmea Painel PMC1603,Female Plastic Panel Connector PMC1603,Pneumatic/hydraulic connection of veterinary equipment,NO,26.04,0.01,0.009;;;;;;;;;;;
30529,Arruela de Pressão M3,Pressure Washer M3,Replacement part for maintenance of veterinary animal reproduction equipment.,NO,0.02,0.04,0.035;;;;;;;;;;;
32013,Proteção Canto Modelo Liso,Smooth Corner Protector,Veterinary instrument protection,NO,0.11,0.015,0.01;;;;;;;;;;;
10535,Porca Sextavada de Inox C/ Trava Nylock M3,M3 Lock Washer,Fastening for Veterinary Equipment,NO,0.02,0.002,0.001;;;;;;;;;;;
14121,Conexão de Plástico Macho Cotovelo PMCD2304,Male Plastic Elbow Connector PMCD2304,Pneumatic/Hydraulic Connection for Veterinary Equipment,NO,24.72,0.06,0.04;;;;;;;;;;;
23257,Display TFT 4.3'' PROCULUS ,TFT Display 4.3'' PROCULUS,Veterinary Exploratory Examination Equipment Interface,NO,124.57,0.12,0.1;;;;;;;;;;;
30065,Teclado de Membrana WTA Aquecedor de bolso,Membrane Keypad WTA Pocket Heater,Replacement part for maintenance of veterinary animal reproduction equipment.,NO,5.37,0.004,0.003;;;;;;;;;;;
16992, Teclado de  Membrana do Módulo Aquecedor Slim c,Membrane Keypad for Slim Heater Module with,Replacement part for maintenance of veterinary animal reproduction equipment.,NO,2.69,0.02,0.015;;;;;;;;;;;
"13767,"" Parafuso Soberbo Auto Atarraxante com Cabeça philips 2,5 x 16mm"",Self-Tapping Screw with Phillips Head 2.2 x 16 mm,Stainless steel screws for assembly and maintenance of veterinary medical equipment.,NO,0.01,0.004,0.003";;;;;;;;;;;
"23197,""Parafuso Soberbo Auto Atarraxante com Cabeça Philips 2,2 x 9,5 mm"",Self-Tapping Screw with Phillips Head 2.2 x 9.5 mm,Stainless steel screws for assembly and maintenance of veterinary medical equipment.,NO,0.03,0.0005,0.0003";;;;;;;;;;;
10275,Interruptor  Unip C/ Lamp. 12V,Unip Switch w/Lamp. 12V,Veterinary instrument electrical control,NO,3.45,0.0001,0.0001;;;;;;;;;;;
21267, Mesa Aquecedora para Lupa  - Modelo Universal - Estendida,Extended Universal Heating Stage,Used in laboratory to Keep Tubes Warm/Veterinary use.,NO,940,1.8,1.265;;;;;;;;;;;
21977,Mesa Aquecedora para Lupa - Modelo SMZ 645,Heating Stage – SMZ 645 ,Used in laboratory to Keep Tubes Warm/veterinary  use only ,NO,500,1.2,0.47;;;;;;;;;;;
17841, Descongelador WTA de Sêmen e Embriões  - DSM ,Semen and Embryo Thaw Unit - Black,Used to defrost bovine embryos and sêmen/veterinary  use only ,NO,88,0.95,0.575;;;;;;;;;;;
33723, Fluxo Laminar para FIV,Laminar Flow Gabinet,Used in veterinary laboratory for environmental control/Veterinary use only.,NO,2000,77.5,76;;;;;;;;;;;
32505,- Base Modular Fluxo Laminar ,Laminar Flow Modular Base,Used in veterinary laboratory for environmental control/Veterinary use only.,NO,1000,12.5,12;;;;;;;;;;;
32819, Fonte Descongelador -  AC/DC Power Adapter 12V 3A 36W,POWER ADAPTER ,Universal power supply for veterinary/laboratory devices,NO,15.9,0.165,0.16;;;;;;;;;;;
"21568,Guia da Agulha Adaptador Mandril Leve com Furo 18G,Light Mandrel Adapter Needle Guide with Hole 18G-BR,""Reusable needle guide for use in aspiration guides, veterinary accessory for oocyte aspirationCountry of origin: Brazil"",NO,12,0.09,0.07";;;;;;;;;;;
26166,Guia da Agulha 12G Adaptador Sistema Equino,12G Needle Guide-Equino-BR,Veterinary functional exploratory examination device,NO,12.09,0.006,0.005;;;;;;;;;;;
27997,Manga de Palpação - lado direito M,Palpation Sleeve - Right Side - Size M -BR,Waterproof nylon palpation sleeve that provides veterinarians with comfort during work and ease of cleaning.,NO,6.94,0.165,0.16;;;;;;;;;;;
28116,Manga de Palpação - Lado Direito - Tamnho G,Palpation Sleeve - Right Side - Size G ,Waterproof nylon palpation sleeve that provides veterinarians with comfort during work and ease of cleaning.Country of Origin: Brazil (BR),NO,36.5,0.185,0.18;;;;;;;;;;;
"28448,Bolsa Porta Botas,Boot bag -BR,""Practical bag for fieldwork with side pockets for coverall and apron, and a central compartment for boots.";;;;;;;;;;;
"Material: Nylon"",NO,5.56,0.003,0.002";;;;;;;;;;;
30799,Avental Fechado Bordado - Rosa,Embroidered closed Apron -Pink-BR,,NO,0,0,0;;;;;;;;;;;
30798,Avental Aberto Bordado -Rosa,Embroidered Open Apron -Pink -BR,,NO,0,0,0;;;;;;;;;;;
14293,Ponta do Mandril Via Simples C/ Tubo - 18G,Single-ended chuck tip with 18G tube,Accessories for veterinary surgical instruments/Veterinary use.,NO,18.57,0.003,0.002;;;;;;;;;;;
"32260,Placa de Cultura Celular 12 Poços WTA,12-Well Culture Dish -BR,""Plastic labware (non-electric, other articles of plastics-Veterinary use."",NO,0.95,0.034,0.028";;;;;;;;;;;
"32756,""Inovulador para Embriões 0,50 - Trava Automatica de Aluminio  - Azul"",""ET Gun 0,50 - Automatic Aluminum Lock - Blue"",Used to inseminate sêmen into cow/Veterinary use.,NO,48,0.07,0.05";;;;;;;;;;;
25480, Descongelador  de Sêmen e Embriões  - DSM (Rosa), Thaw Unit Pink,Veterinary semen and embryo thawing unit with digital temperature control for bovine reproduction procedures.Country of Origin: Brazil,NO,88,1.35,1.05;;;;;;;;;;;
30524, Platina Aquecedora para Sêmen e Andrologia,Warming Platinum for Semen and Andrology,Heating table for working with embryos on farms,NO,400,1.05,1;;;;;;;;;;;
31671,Aplicador de Sêmen com Trava Automática de Alumínio para Novilhas - Azul,Universal Semen Applicator Heifers with Automatic Blue,Used to inseminate sêmen into Heifers/Veterinary use,NO,45,0.075,0.05;;;;;;;;;;;
26038, Filtro para Oócitos e Embriões W25 ,Collector Filter for Oocytes and Embryos W25 ,Filtering/Separation of liquids (precision filter use)/Veterinary use Country of Origin: Brazil,NO,7.13,0.04,0.035;;;;;;;;;;;
14680,Pipeta para Inseminação Artificial  - Equinos,Pipette for Artificial Insemination - Equines ,Used for insemination in equinos/Veterinary use. Country of origin: Brazil,NO,2.38,0.015,0.013;;;;;;;;;;;
27810,Camisinha Sanitária para Transferência de Embriões,Sanitary Chemise for Embryo Transfer ,Used in Ovuum Pick-up for protection/Veterinary use.Country of Origin: Brazil,NO,9,0.095,0.09;;;;;;;;;;;
22826,Cortador de palheta - Branco,Straw Cutter - White ,Veterinary equipment used to adjust plastic straws used in procedures such as artificial insemination/ Veterinary use.Country of Origin: Brazil ,NO,7.92,0.03,0.025;;;;;;;;;;;
"10481,""Lacrador 0,25 Laranja (Embal)"",Straw Sealing Plug 0.25 - Orange ,Used for embryo development/Veterinary use,NO,0.21,0.0003,0.0002";;;;;;;;;;;
"10460,"" Lacrador de Palheta -  0,50 -  Branco (Embal)"",Straw Sealing Plug 0.50 - White ,Used for embryo development/Veterinary use,NO,0.14,0.0006,0.0005";;;;;;;;;;;
"10463,"" Lacrador de Palheta -  0,50 -  Roxo (Embal)"",Straw Sealing Plug 0.50 - Purple ,Used for embryo development/Veterinary use,NO,0.14,0.0006,0.0005";;;;;;;;;;;
"10055,""Lacrador de Palheta -  0,50 -  Verde (Embal)"",Straw Sealing Plug 0.50 - Green ,Used for embryo development/Veterinary use,NO,0.14,0.0006,0.0005";;;;;;;;;;;
"10462,"" Lacrador de Palheta - 0,50 - Laranja (Embal)"",Straw Sealing Plug 0.50 - Orange ,Used for embryo development/Veterinary use,NO,0.14,0.0006,0.0005";;;;;;;;;;;
28308,Aplicador de Sêmen Universal com Trava Automática de Alumínio - Azul,Universal Semen Applicator with Aluminum Automatic Lock - Blue ,Used to inseminate sêmen into cows/Veterinary use.Country of Origin: Brazil,NO,61.2,0.075,0.05;;;;;;;;;;;
28246,Aplicador de Sêmen Universal com Trava Automática de Alumínio - Verde,Universal Semen Applicator with Aluminum Automatic Lock - Green ,Used to inseminate sêmen into cows/Veterinary use.Country of Origin: Brazil,NO,45,0.075,0.05;;;;;;;;;;;
"32752,""Inovulador para Embriões 0,25 - - Trava Automatica de Aluminio  - Azul"",ET Gun 0.25 - Automatic Aluminum Lock - Blue ,Used to inseminate sêmen into cow/Veterinary use.,NO,48,0.06,0.04";;;;;;;;;;;
"18957,"" Inovulador para Embriões 0,50 - Trava Automática de Plástico - Verde"",ET Gun 0.50 - Automatic Plastic Lock - Green ,Used to inseminate sêmen into cow/Veterinary use.,NO,28,0.07,0.05";;;;;;;;;;;
"18956,""Inovulador para Embriões 0,50 - Trava Automática de Plástico - Preto"",ET Gun 0.50 - Automatic Plastic Lock - Black ,Used to inseminate sêmen into cow/Veterinary use.,NO,28,0.075,0.045";;;;;;;;;;;
30802,Aplicador para IA em Caprinos,Applicator for AI in Goats,Used insemination in goats/Veterinary use ,NO,76.94,0.45,0.43;;;;;;;;;;;
30559,Bainha IA em Caprinos,AI Sheath in Goats,Used insemination in goats/Veterinary use ,NO,0.3,0.0009,0.0006;;;;;;;;;;;
29900,Agulha para transferência de Embriões em Marmoset -Sagui,Needle for embryo transfer in Marmosets,Hollow needles for medical/Veterinary use,NO,10,0.0015,0.0014;;;;;;;;;;;
26357,Etiqueta adesiva,Adhesive label,Custom adhesive labels with company logo for packaging-Plastic,NO,0.09,0.0002,0.0001;;;;;;;;;;;
33218,Descongelador TECH de Sêmen e Embriões - Personalizado,Semen and Embryo Thaw Unit - Blue ,Used to defrost bovine embryos and sêmen/Veterinary use.,NO,88,1.35,1.05;;;;;;;;;;;
30117,Guia de aspiração C11-3S,Follicular Aspiration Guide  C11-3s,Used to collect oocytes from cows,NO,2100,2.51,1.1;;;;;;;;;;;
30999,Cabo Veicular com Plug Acendedor 12v para P4,Car plug 12v para P4 - 2 metros,Item used by veterinarians to collect oocytes/Veterinary use,NO,5.5,0.06,0.04;;;;;;;;;;;
"28804,""Aplicador de Sêmen 0,25 para Novilha com Trava Automática de Plástico - Azulaplicadr"",Universal Semen Applicator Heifers with Automatic Plastic Lock - Blue,Used to inseminate sêmen into Novilhas/Veterinary use.,NO,30,0.06,0.035";;;;;;;;;;;
29250,Cortador de palheta - Azul,Straw Cutter Blue-,Veterinary equipment used to adjust plastic straws used in procedures such as artificial insemination/ Veterinary use.Country of Origin: Brazil ,NO,7.92,0.03,0.025;;;;;;;;;;;
29249,Cortador de palheta - Rosa ,Straw Cutter Pink,Veterinary equipment used to adjust plastic straws used in procedures such as artificial insemination/ Veterinary use.Country of Origin: Brazil ,NO,7.92,0.03,0.025;;;;;;;;;;;
32361,Case Universal para Guias de Aspiração,Case para guías de aspiração,Used to transport products used in Artificial Insemination / Veterinary use,NO,70.57,1.2,1;;;;;;;;;;;
15362,Ponta do Mandril Dupla Via (Acabado) 18G,18G Double Way Chuck Tip (Finished) ,Accessories for veterinary surgical instruments-VETERINATY USE ONLY,NO,122,0.006,0.004;;;;;;;;;;;
31036,Bolsa para Transporte - Bomba de Vácuo,Transport Bag - Vacuum Pump,Used to transport vacuum pump-veterinary use only(NYLON).Country of origin: Brazil,NO,50.4,1.41,1.4;;;;;;;;;;;
29267,Guia de Aspiração  65EC10ED Novilha,Follicular Aspiration Guide 65EC10ED,Used to collect oocytes from cows -VETERINARY USE ONLY,NO,2100,1.975,1.9;;;;;;;;;;;
"31518, - Agulha de Equino Duplo Fluxo 16G  - (Embal),Equine Double-Flow Follicular Aspiration System 16 ,Disposable guide tube used as a consumable component in equine reproductive management kits. Intended exclusively for agricultural and veterinary use; not suitable for injection and not intended for human medical use. Country of origin: Brazil,NO,20,0.03,0.025";;;;;;;;;;;
"22029,""Bainha para Transferência de Embriões 0,50 - Ponta Plástica com Camisinha Sanitária - Equinos y Chemise)"",Embryo Transfer Sheath 0.50  - Equines (with Sanitary Chemise),""Veterinary instruments, disposable sheath-VETERINARY USE ONLY"",NO,3.2,0.015,0.01";;;;;;;;;;;
21571,Adaptador para Mandril Leve,Livestock Instrument Adapter – Light-Duty,Adapter used as a consumable interface in portable animal husbandry equipment.Veterinary use. Country of origin: Brazil,NO,67,0.035,0.03;;;;;;;;;;;
25113,Descongelador TECH de Sêmen e Embriões com Bateria - DSM (Rosa),SEMEN AND EMBRYOS THAW-Pink-B,Used to defrost bovine embryos and sêmen,NO,350,1.55,1.25;;;;;;;;;;;
19219,Luva para palpação M,Gloves for Palpation - Size   M– Box of 100,Used to perform palpation exams on animais/Veterinary use.Country of origin: Brazil,NO,18,0.975,0.97;;;;;;;;;;;
21880,Sistema Prático de Aspiração Equino Duplo Fluxo Mandril 8mm Agulha 12G,Equine Dual-Flow Suction System 8 mm / 12G,Used to collect oocytes from sheep/veterinary  use only .Country of Origin: Brazil,NO,37,0.052,0.0515;;;;;;;;;;;
"22331,""Bainha para Transferência de Embriões 0,25 - Ponta de Inox - com Camisinha Sanitária - Equinos "",Embryo Transfer Sheath 0.25 - Tip - Equines (with Sanitary Chemise) ,Used inseminate Embryo in cows/Veterinary use. Country of origin: Brazil,NO,2.77,0.02,0.015";;;;;;;;;;;
28308,Aplicador de Sêmen Universal com Trava Automática de Alumínio - Azul,Universal Semen Applicator with Automatic Lock -Blue,Used to inseminate sêmen into cows/Veterinary use.Country of Origin: Brazil,NO,61.2,0.075,0.05;;;;;;;;;;;
30073,Guia de Aspiração Mista Mandril 8mm Draminski MC9-4,Follicular Aspiration Guide MC9-4;;;;;;;;;;;,Used to collect oocytes from cows/Veterinary use,NO,2100,1.25,1.21
"15972,""Inovulador para Embriões 0,50 - Trava Automatica de Aluminio  - Vermelho"",""TRANSFER GUNS FOR ET 0,50 Automatic Lock red "",Used to inseminate semen into cow/Veterinary use.Country of Origin: Brazil,NO,82.8,0.07,0.05";;;;;;;;;;;
32357,Case Universal para Descongeladores (Personalizado),I.A Storage Box,USED TO TRANSPORT AI PRODUCTOS,NO,0,1.75,1.7;;;;;;;;;;;
32347,Case Universal para Descongeladores,Universal Case for Thaw Unit,Used to transport products used in Artificial Insemination / Veterinary use.Country of Origin: Brazil,NO,144,1.75,1.7;;;;;;;;;;;
29254,Cortador de palheta -  Vermelho,Straw Cutter - Red,Veterinary equipment used to adjust plastic straws used in procedures such as artificial insemination/ Veterinary use.Country of Origin: Brazil ,NO,7.92,0.03,0.025;;;;;;;;;;;
29252,Cortador de palheta -  Preto,Straw Cutter - Black,Veterinary equipment used to adjust plastic straws used in procedures such as artificial insemination/ Veterinary use. Country of origin: Brazil,NO,7.92,0.03,0.025;;;;;;;;;;;
16265,Transportador de Embriões e Oocitos - TREO,EMBRYOS AND OOCYTES TRANSPORTER TREO,Used transport Emmbryos and  oocytos,NO,1030.51,8.77,7.59;;;;;;;;;;;
31537,Transportador Versátil de Oócitos e Embriões Série V MAX ,EMBRYO AND OOCYTE TRANSPORTER – SERIE V Max,Used transport Emmbryos and  oocytos,NO,1301.69,6.1,4.2;;;;;;;;;;;
26746,Transportador de Oócitos Série C - Equino ,Oocytes transporter -serie C- EQUINES,Used transport Emmbryos and  oocytos/Equinos/Veterinary use.,NO,2550,4.75,3.89;;;;;;;;;;;
25339,Transportador Série V - TSV com 1 Bloco,EMBRYO AND OOCYTE TRANSPORTER – SERIE V ,Used transport Emmbryos and  oocytos,NO,1166.1,4.2,3.8;;;;;;;;;;;
28425,Transportador Série V - TSV com 2 blocos TE/TO ,EMBRYO AND OOCYTE TRANSPORTER – SERIE V ,Used transport Emmbryos and  oocytos,NO,1301.69,6.9,5.245;;;;;;;;;;;
30967,Embalagem e Proteção dos Aplicadores Equinos 650mm,Packaging and Protection of 650mm Equine Applicators,,NO,0,0.015,0.01;;;;;;;;;;;
30965,Embalagem e Proteção dos Aplicadores Equinos 750mm,Packaging and Protection of 750mm Equine Applicators,,NO,0,0.015,0.01;;;;;;;;;;;
27221,Transportador Versátil de Oócitos e Embriões Série V - Bovino  - TECH,Portable Oocyte/Embryo Transporter V-Tech,Portable transporter for farm oocytes/embryos,NO,1850,4.284,3.825;;;;;;;;;;;
11012,Transportador de Oócitos TO-16i,OOCYTES TRANSPORTER TO-16i,,NO,772.88,7.15,6.7;;;;;;;;;;;
10509,Transportador de Oócitos TO-12 Compact,OOCYTES TRANSPORTER  TO-12 Compact,,NO,644.07,5.25,4.95;;;;;;;;;;;
11011,Transportador de Embriões TE-200i,EMBRYO TRANSPORTER TE-200i,,NO,772.88,7.82,7.43;;;;;;;;;;;
10690,Transportador de Embriões TE-100 Compact,EMBRYO TRANSPORTER TE-100 Compact,,NO,644.07,5.7,5.14;;;;;;;;;;;
10472,Suporte para Filtro,Mount filter,Used to hold filters in laboratory/Veterinary use.Veterinary use. Country of origin: Brazil,NO,12.67,0.182,0.17;;;;;;;;;;;
"21789,""Sistema de Aspiração Folicular - 1,20 m  (Esterilizado)"",""Follicular aspiration system  - 1,20M"",""Disposable 1.2"""" aspiration line for oocyte retrieval in veterinary medicine – accessory for follicular aspiration kit/veterinary use Country of Origin: Brazil"",NO,5.76,0.011,0.01";;;;;;;;;;;
21713,Sistema Prático de Aspiração para Ovinos (Embal.),Ovum Pick-Up System-BR,Disposable hollow tube set with plastic connectors. Used for collecting oocytes from sheep/for veterinary use only. Country of origin: Brazil,NO,12.67,0.03,0.02;;;;;;;;;;;
32275,Sistema Prático de Aspiração para Ovinos - 10 mm (Embal),OPU full system 10mm,Used to collect oocytes from sheep/Veterinary use.,NO,13,0.03,0.02;;;;;;;;;;;
21006,Rolha de Aluminio para Aspiração Folicular 500 ml, Stopper for Follicular Aspiration 500 ml,Used as an accessory in oocytes collection/veterinary use only..Country of Origin: Brazil,NO,123.84,0.31,0.3;;;;;;;;;;;
10589,Rolha de Aluminio para Aspiração Folicular 50 ml,Stopper for follicular aspiration-,Used as an accessory in oocytes collection/Veterinary useCountry of Origin: Brazil,NO,133.2,0.04,0.035;;;;;;;;;;;
14398,Rack para 4 tubos de 15mL - Inclinação 45°,Rack- 4 tubes of 15mL- 45° angle,Used to keep tube warmer/Veterinary use.Aluminum Cast Country: Brazil.',NO,95,1,0.95;;;;;;;;;;;
24266,Rack para Tubos Mistos,Livestock Sample Tube Rack -MIXED TUBES,Used to keep tube warmer/Veterinary use.Country of Origin: Brazil,NO,214.62,1.4,1.355;;;;;;;;;;;
"14418,Rack de Alumínio para Microtubo Eppendorf,""Livestock Sample Tube Rack – 12 Place, 1.5 mL"",""Rack for 12 × 1.5 mL tubes, used as a holder accessory during on-farm preparation and sorting of livestock-derived samples in management operations. Re-usable, non-sterile, for agricultural use only; not for medical useRack for 12 × 1.5 mL tubes, used as a holder accessory during on-farm preparation and sorting of livestock-derived samples in management operations. Re-usable, non-sterile, for agricultural use only; not for medical use.Veterinary use.Country of Origin: Brazil"",NO,112.32,0.5,0.495";;;;;;;;;;;
14416,Rack de Alumínio para Microtubo WTA, RACK FOR MICROVIAL,Used to keep tube warmer/Veterinary use.Aluminum Cast Country: Brazil.',NO,82,0.28,0.275;;;;;;;;;;;
"14417,Rack de Alumínio para 6 Tubos 15,Tube Rack 6 Tubes 15ml,""Rack for 6×15 mL tubes, used as a holder accessory during on-farm preparation and sorting of livestock-derived samples in management operations. Re-usable, for agricultural use only; not for medical use.'Aluminum Cast Country: Brazil.'"",NO,127.8,0.463,0.4";;;;;;;;;;;
"14415,Rack de Alumínio para 2 Tubos 50,Tube Rack 2 Tubes 50ml ,""Holder for 2 x 50 mL tubes, reusable accessory for handling animal samples, for veterinary use only, not for medical use.Country of Origin: Brazil "",NO,154.53,0.485,0.47";;;;;;;;;;;
15362,Ponta do Mandril via Dupla 18G,Mandrel tip-Double way,Accessories for veterinary surgical instruments/Veterinary use,NO,122,0.006,0.004;;;;;;;;;;;
10096,Ponta do Mandril via simples  ,Mandrel tip -simple way-BR,Accessories for veterinary surgical instruments/Veterinary use.,NO,18.57,0.008,0.005;;;;;;;;;;;
10628,Ponta do Mandril via simples com tubo,MANDREL TIP - SIMPLE  WAY - WITH TUBE,,NO,32,0.003,0.002;;;;;;;;;;;
14134,Ponta do Mandril de Novilhas com Agulha 20G (Esterilizado),NEEDLE FOR ASPIRATION (HEIFER) 20G,,NO,1.55,0.003,0.002;;;;;;;;;;;
14139,Ponta do Mandril de Novilhas com Agulha 18G (Esterilizado),NEEDLE FOR ASPIRATION (HEIFER) 18G,,NO,1.55,0.003,0.002;;;;;;;;;;;
"32668,Placa de Cultivo 5 Poços,5 Well Dish for Cell Culture,""Robust polypropylene plate with five compartments, used for temporary storage and sorting of animal samples; not for medical or diagnostic purposes.Country of Origin: Brazil "",NO,31.68,0.2,0.16";;;;;;;;;;;
10499,Pedal Remoto Digital Acabado BV,DIGITAL REMOTE PEDAL BV FINISH,,NO,0,0.08,0.075;;;;;;;;;;;
"32669,Placa de Petri 60mm (Esterilizada),Petri Dish 60MM,""Plastic labware (non-electric, other articles of plastics/Veterinary use..Country of Origin: Brazil"",NO,26.1,0.18,0.18";;;;;;;;;;;
31711,Placa de Cultura 6 Poços WTA - Transparente (Embal.),6 Well Dishes-BR,Used to collect oocytes from sheep/Veterinary use.,NO,1.09,0.01,0.008;;;;;;;;;;;
13900,Pipeta de Inseminação - Pequenos Ruminantes (Esterilizada),Pipette for Artificial Insemination - Small ruminants,Used for insemination in small ruminants/Veterinary use. Country of origin: Brazil,NO,11.09,0.01,0.009;;;;;;;;;;;
29934,Palheta para Vitrificação - Vitrific (Esterilizado) PACOTE,Reed for Vitifiction - Vitrific ,Used for deep freezing of embryos/Veterinary use.Country of origin: Brazil,NO,46.08,0.005,0.004;;;;;;;;;;;
13727,Palheta para Vitrificação - Vitrific (Esterilizado),REED FOR VITRIFICATION - VITRIFIC,,NO,2.98,0.011,0.01;;;;;;;;;;;
25458,Mini Filtro para Oócitos (100u),Collector mini filter  for IVF-BR,Used to collect oocytes/Veterinary use.,NO,0.51,0.006,0.005;;;;;;;;;;;
33911,Microtubo de Cultura Celular (Esterilizado),Microvial for Cell Culture,Microvial intended for transportation and temporary handling of oocytes in livestock reproductive procedures. Veterinary use only.Country of origin: Brazil,NO,18.37,0.1,0.05;;;;;;;;;;;
20931,Mesa Aquecedora para Lupa  - Modelo Universal,Universal Heating Stage,Used in laboratory to Keep Tubes Warm/veterinary  use only ,NO,402.42,1.25,0.59;;;;;;;;;;;
28085,Mesa Aquecedora para Lupa - Modelo Universal - Estendida ,Warming plate for microscope - Extended ,Portable veterinary warming table with electronic temperature control for bovine embryo and oocyte handling procedures.Country of Origin: Brazil,NO,1281.6,2.15,2.1;;;;;;;;;;;
14082,Mesa Aquecedora - Universal,WARMING TABLE - UNIVERSAL,Used in laboratory to Keep Tubes Warm,NO,320,1.5,1.3;;;;;;;;;;;
28057,Mesa Aquecedora - SMZ 645,SMZ 645 Tech Warming Table ,Portable veterinary warming table with electronic temperature control for bovine embryo and oocyte handling procedures.Country of Origin: Brazil,NO,682.56,1.575,1.1;;;;;;;;;;;
17656,Mesa Aquecedora - Padrão,Standard Heating Stage,Used in laboratory to Keep Tubes Warm/Veterinary use only,NO,475,2.48,2.25;;;;;;;;;;;
29432,Mesa Aquecedora Compact New - TECH,Warming Table Compact ,Portable veterinary warming table with electronic temperature control for bovine embryo and oocyte handling procedures.Country of Origin: Brazil,NO,550.8,1.5,1.3;;;;;;;;;;;
28058,Mesa Aquecedora Universal para Lupa New - TECH, Universal Tech Warming Table – Farm,Universal warming table for farm-side embryo work.Country of Origin: Brazil,NO,673.08,1.5,1.3;;;;;;;;;;;
28056,Mesa Aquecedora New - TECH,Tech Standard Heating Table ,Portable veterinary warming table with electronic temperature control for bovine embryo and oocyte handling procedures.Country of Origin: Brazil,NO,646.56,2.65,2.25;;;;;;;;;;;
10228,Luva Especial G CX 100,Gloves for Palpation - Size  G – Box of 100,Disposable gloves used during veterinary palpation procedures in livestock handling operations.Country of origin: Brazil,NO,18,1.03,1.025;;;;;;;;;;;
"14441,""Linha de Aspiração Folicular 1,40 m (Esterilizada)"",""FOLLICULAR ASPIRATION LINE 1,40 M"",,NO,4.25,0.018,0.011";;;;;;;;;;;
"26002,""Linha de Aspiração Folicular 1,20 m (Esterilizada)"",""Follicular Aspiration Line - 1,20m"",""Disposable 1.2"""" aspiration line for oocyte retrieval in veterinary medicine – accessory for follicular aspiration kit/veterinary use only.Country of origin: Brazil"",NO,5.76,0.015,0.01";;;;;;;;;;;
"10183,""Lacrador 0,50 Amarelo"",""STRAW SEALING PLUG 0,50 (short)"",,NO,0.03,0.002,0.001";;;;;;;;;;;
"10049,""Lacrador 0,25 Verde"",""Straw Sealing Plug 0,25 (Green)"",Used for embryo development/Veterinary use,NO,0.21,0.0003,0.0002";;;;;;;;;;;
"29922,""Lacrador 0,25 Roxo"",""Straw Sealing Plug 0,25 (Purple)"",Used for embryo development-Plastic/Veterinary use. Country of origin: Brazil,NO,28.8,0.03,0.02";;;;;;;;;;;
"29926,""Lacrador 0,25 Laranja"",""Straw Sealing Plug 0,25 (Orange)"",Used for embryo development-Plastic/Veterinary use. Country of origin: Brazil,NO,28.8,0.03,0.02";;;;;;;;;;;
"10486,""Lacrador 0,25 Branco"",""Straw Sealing Plug 0,25 (White)"",Used for embryo development/Veterinary use,NO,0.21,0.0003,0.0002";;;;;;;;;;;
"29923,""Lacrador 0,25 Azul"",""Straw Sealing Plug 0,25 (Blue)"",Used for embryo development-Plastic/Veterinary use. Country of origin: Brazil,NO,28.8,0.03,0.02";;;;;;;;;;;
"29920,""Lacrador 0,25 Amarelo"",""Straw Sealing Plug 0,25 (Yellow)"",Used for embryo development-Plastic/Veterinary use.Country of Origin: Brazil,NO,28.8,0.03,0.02";;;;;;;;;;;
"10421,""Inovulador TE 0,50"",""TRANSFER GUNS FOR ET 0,50"",,NO,64.41,0.13,0.04";;;;;;;;;;;
"18424,""Inovulador TE 0,25 Engate Rápido  verde"",""Transfer Gun for ET 0,25 Automatic Lock - Green"",Used to inseminate embryos into cow/Veterinary use.Country of Origin: Brazil,NO,38.16,0.055,0.03";;;;;;;;;;;
"18421,""Inovulador TE 0,25 Engate Rápido  vermelho "",Transfer Gun for ET 0.25 Automatic Lock - Red ,Used to inseminate embryos into cow/Veterinary use.Country of Origin: Brazil,NO,38.16,0.055,0.03";;;;;;;;;;;
"18425,""Inovulador TE 0,25 Engate Rápido  amarelo"",""Transfer Gun For ET 0,25 Automatic Lock - Yellow "",Used to inseminate semen into cow/Veterinary use.Country of Origin: Brazil,NO,38.16,0.055,0.03";;;;;;;;;;;
"18423,""Inovulador TE 0,25 Engate Rápido  azul"",""Transfer guns for ET 0,25 Automatic Lock - Blue"",Used to inseminate semen into cow/Veterinary use.Country of Origin: Brazil,NO,38.16,0.055,0.03";;;;;;;;;;;
"16301,""Inovulador TE 0,25 Engate Rápido "",""Transfer Gun for ET 0,25 Automatic Lock - Red"",Used to inseminate sêmen into cows/Veterinary use.Country of Origin: Brazil,NO,61.6,0.06,0.04";;;;;;;;;;;
"18422,""Inovulador TE 0,25 Engate Rápido Preto"",""Transfer guns for  ET 0,25 Automatic Lock - Black"",Used to inseminate semen into cow/Veterinary use.Country of Origin: Brazil,NO,38.16,0.055,0.03";;;;;;;;;;;
"10292,""Inovulador TE 0,25"",""Transfer Guns For ET 0,25"",Used to inseminate sêmen into cows/Veterinary use.Country of Origin: Brazil,NO,64.8,0.07,0.04";;;;;;;;;;;
26614,Incubadora Portátil - LaxMix Serie V,Portable Incubator - Labmis serie  V-BR,Used for embryo development/Veterinary use.,NO,2372.88,8.145,6.56;;;;;;;;;;;
28700,Incubadora Portatil-Lab Mix TECH,Portable Incubator-Labmix serie V tech-BR,Incubator for veterinary oocytes/embryos/Veterinary use,NO,3700,8.4,7;;;;;;;;;;;
22412,Incubadora de Bancada - EVE 1 Tampa Alta,Benchtop Incubator EVE – ,Benchtop incubator for in vitro fertilization procedures and veterinary cell culture.Country of Origin: Brazil,NO,8316,18.04,14.85;;;;;;;;;;;
22920,Incubadora Modular de Bancada EVE- Modular- Tampa Alta,Benchtop Incubator EVE – Farm IVF,Benchtop incubator for farm-side IVF,NO,2400,7.65,5.65;;;;;;;;;;;
12419,Incubadora de Bancada - EVE,BENCH INCUBATOR - EVE,Used for embryo development,NO,7864.41,35.8,21;;;;;;;;;;;
10109,Haste do Mandril,Mandrel rod-BR,Used as na acessory in oocytes collection/Veterinary use.Country of Origin: Brazil,NO,20.81,0.067,0.065;;;;;;;;;;;
24861,HASTE DO ASPIC COLADA ,ASPIC ROD,,NO,0,0.005,0.004;;;;;;;;;;;
11100,Haste para Aspiração - Pequenos Ruminantes,Rod For Aspiration-Small Ruminants,Component used as an accessory during oocyte collection procedures in small ruminants. Veterinary use only.Country of Origin: Brazil (BR),NO,122.06,0.09,0.035;;;;;;;;;;;
14735,Guia de Aspiração Chison,OPU HANDLE CHISON C15616S / MC6-A,Used to collect oocytes from cows -VETERINARY USE ONLY,NO,2100,1.17,0.9;;;;;;;;;;;
"24376,Guia de Aspiração Sonoscape,OPU handle c613,""Polymer follicular aspiration guide for bovine oocyte collection, compatible with microconvex ultrasound transducers, for veterinary use only.Country of Origin: Brazil"",NO,2064.9,1.17,0.9";;;;;;;;;;;
21575,Guia de Aspiração GE 8C RS,OPU HANDLE GE 8C RS,Used to collect oocytes from cows ,NO,0,1.32,1.21;;;;;;;;;;;
10283,Guia de Aspiração,OPU Handle  Microconvexo ,Used to collect oocytes from cows/veterinary use only,NO,1520,1.17,0.9;;;;;;;;;;;
10370,Guia de Aspiração,ASPIRATION GUIDE,Used to collect oocytes from cows ,NO,705.08,1.17,0.9;;;;;;;;;;;
10191,Guia da Agulha,NEEDLE GUIDE,Used to collect oocytes from cow ovary,NO,5.83,0.003,0.002;;;;;;;;;;;
12331,Garfo para Vitrificação (Esterilizado),FORK FOR VITRIFICATION,,NO,1.36,0.011,0.009;;;;;;;;;;;
13124,Fonte Universal 120W c/Cabo Veicular e Conector  3 Vias,POWER ADAPTER,,NO,12.2,0.25,0.2;;;;;;;;;;;
10372,Filtro para Bomba de Vácuo,Vacuum Pump Filter BR ,Filter used as a consumable component in portable animal reproduction equipment for filtration during animal handling procedures. For veterinary use only..Country of Origin: Brazil ,NO,30.89,0.125,0.12;;;;;;;;;;;
10043,Filtro Coletor para TE (Esterilizado),Collector Filter for Embryos,Filtering/Separation of liquids (precision filter use)/Veterinary use Country of Origin: Brazil,NO,7.03,0.095,0.06;;;;;;;;;;;
10042,Filtro Coletor para FIV (Esterilizado),Collector Filter for Oocytes ,Filtering/Separation of liquids (precision filter use)/Veterinary use Country of Origin: Brazil,NO,7.03,0.065,0.045;;;;;;;;;;;
10092,Expansor Cervical - ,CERVICAL EXPANDER - ,Veterinary cervical dilator designed for use during bovine artificial insemination procedures to assist cervical dilation. For veterinary use only.Country of Origin: Brazil,NO,36,0.2,0.1;;;;;;;;;;;
13889,Estabilizador de Meios - Adam,MEDIA STABILIZER ,Used for the cultivation of embryos and cells/veterinary use only,NO,1016.95,8,6.9;;;;;;;;;;;
18530,Descongelador de Sêmen e Embriões - DSM  Azul,Semen Thawing Unit – Blue,Used to defrost bovine embryos and sêmen,NO,80,0.95,0.575;;;;;;;;;;;
20898,Descongelador de Sêmen e Embriões - DSM - ABS,SEMEN AND EMBRYOS THAW - Pink,Used to defrost bovine embryos and semen/veterinary use only,NO,93.02,0.95,0.575;;;;;;;;;;;
24397,Descongelador de Sêmen e Embriões - DSM - azul tech,Thaw Unit Blue ,Veterinary semen and embryo thawing unit with digital temperature control for bovine reproduction procedures.Country of Origin: Brazil,NO,134.04,1.35,1.05;;;;;;;;;;;
24396,Descongelador de Sêmen e Embriões - LARANJA ,Thaw Unit Orange ,Veterinary semen and embryo thawing unit with digital temperature control for bovine reproduction procedures.Country of Origin: Brazil,NO,134.04,1.35,1.05;;;;;;;;;;;
25115,Descongelador TECH de Sêmen e Embriões com Bateria - DSM (Verde),SEMEN AND EMBRYOS THAW -GREEN B,Used to defrost bovine embryos and sêmen,NO,0,1.35,1.05;;;;;;;;;;;
24391,Descongelador TECH de Sêmen e Embriões  - DSM (Preto),Thaw Unit Black ,Veterinary semen and embryo thawing unit with digital temperature control for bovine reproduction procedures.Country of Origin: Brazil,NO,134.04,1.35,1.05;;;;;;;;;;;
25110,Descongelador TECH de Sêmen e Embriões com Bateria - DSM (Vermelho),SEMEN AND EMBRYOS THAW-Red B,Used to defrost bovine embryos and sêmen,NO,0,1.55,1.25;;;;;;;;;;;
24393,Descongelador de Sêmen e Embriões - DSM - Vermelho tech, Thaw Unit Red,Veterinary semen and embryo thawing unit with digital temperature control for bovine reproduction procedures.Country of Origin: Brazil,NO,134.04,1.35,1.05;;;;;;;;;;;
12130,Descongelador de Sêmen e Embriões - DS,SEMEN AND EMBRYOS THAW,Used to defrost bovine embryos and sêmen,NO,93.02,0.9,0.8;;;;;;;;;;;
24394,Descongelador de Sêmen e Embriões - VERDE,Thaw Unit Green,Veterinary semen and embryo thawing unit with digital temperature control for bovine reproduction procedures.Country of Origin: Brazil,NO,134.04,1.35,1.05;;;;;;;;;;;
18621,Descongelador TECH de Sêmen e Embriões - DSM (Vermelho),Semen and Embryo Thaw Unit - Red,Used to defrost bovine embryos and semen/veterinary use only,NO,93.2,0.95,0.575;;;;;;;;;;;
13459,Camisinha Probe Retal,SANITARY SHEATH FOR TRANSDUCTOR,Used in Ovuum Pick-up for portection,NO,5.69,0.22,0.199;;;;;;;;;;;
31190,Camisinha Probe Retal,Sanitary Chemise for Rectal Probe,Used in Ovuum Pick-up for protection/Veterinary use.Country of origin: Brazil,NO,7.92,0.15,0.125;;;;;;;;;;;
31189,Camisinha Aspiração Folicular OPU,Sanitary Chemise for Follicular Aspiration ,Used in Ovuum Pick-up for protection/veterinary use only.Country of Origin: Brazil,NO,7.92,0.2,0.195;;;;;;;;;;;
30691,Case para Kit de Inseminação,Case For IA Kit,(USED TO TRANSPORT AI PRODUCTS),NO,0,0.9,1;;;;;;;;;;;
29421,Case para Kit de TE,Case For ET Kit,(USED TO TRANSPORT AI PRODUCTS),NO,0,2.025,2.03;;;;;;;;;;;
29253,Cortador de palheta -  Laranja,Straw Cutter - Orange,Veterinary equipment used to adjust plastic straws used in procedures such as artificial insemination/ Veterinary use.Country of Origin: Brazil ,NO,7.92,0.03,0.025;;;;;;;;;;;
29251,Cortador de palheta -  verde,Straw Cutter - Green,Veterinary equipment used to adjust plastic straws used in procedures such as artificial insemination/ Veterinary use.Country of Origin: Brazil ,NO,7.92,0.03,0.025;;;;;;;;;;;
28307,Congelador de Embriões - Allice,Farm Embryo Freezer - Allice,Farm embryo freezer for field embryo storage,NO,2120,4.35,4.3;;;;;;;;;;;
14206,Brinco para Rastreamento Pequeno,EAR TAG FOR TRACKING - MALE,,NO,0.17,0.005,0.004;;;;;;;;;;;
14201,Brinco para Rastreamento Médio,EAR TAG FOR TRACKING - SMALL,,NO,0.2,0.006,0.005;;;;;;;;;;;
14195,Brinco para Rastreamento Grande,EAR TAG FOR TRACKING - BIG,,NO,0.22,0.008,0.007;;;;;;;;;;;
14107,Brinco para Rastreamento Maxi,EAR TAG FOR TRACKING - MAXI,,NO,0.33,0.014,0.013;;;;;;;;;;;
27596,Bomba de Vácuo com Aquecedor de Tubo 500ml Quadrado,Vacuum Pump - BVD-005D SQUARE 500ml,Designed for follicular aspiration procedures in cows/veterinary use only,NO,1360,4.85,3.45;;;;;;;;;;;
31641,Bomba de Vácuo para Aspiração Folicular-Garrafa Quadrada de 500mL- Equinos-TECH,Vacuum Pump for OPU Equine  (SQUARE),Veterinary vacuum pump for follicular aspiration procedures in equine reproduction. Country of Origin: Brazil,NO,1846.8,5.24,4;;;;;;;;;;;
31640,Bomba de Vácuo com Aquecedor de Tubo 500ml Redondo tech,Vacuum Pump for OPU - Equine (ROUND),Veterinary vacuum pump for follicular aspiration procedures in equine reproduction. Country of Origin: Brazil,NO,1846.8,4.85,3.45;;;;;;;;;;;
29757,Bomba de Vácuo com Aquecedor de Tubo 500ml Redondo,VACUUM PUMP - BVD-005D ROUND 500ml,(Used to collect oocytes from cow),NO,1872.5,4.85,3.45;;;;;;;;;;;
23187,Bomba de Vácuo ,Vacuum Pump,Used to collect oocytes from cow.Country of Origin: Brazil,NO,1360,5.24,4.5;;;;;;;;;;;
28065,Bomba de Vácuo para Aspiração Folicular - Bovinos - TECH,Vacuum Pump for OPU - Bovinee,Veterinary vacuum pump for follicular aspiration procedures in bovine reproduction. Country of Origin: Brazil,NO,1846.8,4.06,3.04;;;;;;;;;;;
12762,Bomba de Vácuo - BV-003d (Bivolt),VACUUM PUMP,,NO,1159.32,5.24,4.5;;;;;;;;;;;
10084,Bloco Vitrificador,VITRIFIER BLOCK,,NO,244.07,0.99,0.96;;;;;;;;;;;
"10415,""Bainha para TE 0,50 - Equinos (Esterilizada)"",""Sheath for  ET 0,50 - Equines"",""Embryo transfer sheath, plastic tip, for equine transcervical use/veterinary use only. Country of origin: Brazil"",NO,3.17,0.015,0.01";;;;;;;;;;;
"10384,""Bainha para TE 0,25 - Equinos (Esterilizada)"",""Sheath for  ET 0,25 - Equines"",Used to transfer embryos in equine/Veterinary use.Country of Origin: Brazil,NO,2,0.02,0.015";;;;;;;;;;;
"25496,""Bainha para TE 0,25 - Bovinos - Ponta Plástica (Esterilizada) PACOTE"",Bovine ET Sheath 0.25 (Plastic Tip),""Embryo transfer sheath, plastic tip, for bovine transcervical use/veterinary use only.Country of origin: Brazil"",NO,3.96,0.03,0.025";;;;;;;;;;;
"13136,""Bainha para TE 0,25 - Bovinos - Ponta Plástica (Esterilizada)"",""SHEATH FOR ET 0,25 - BOVINES - PLASTIC TIP "",,NO,0.41,0.004,0.003";;;;;;;;;;;
"10041,""Bainha para TE 0,25 - Bovinos - Ponta Inox (Esterilizada)"",""SHEATH FOR ET 0,25 - BOVINES - INOX TIP"",,NO,1.06,0.007,0.006";;;;;;;;;;;
"29943,""Bainha para TE  0,25 Bovina com camisinha "",""Embryo Transfer Sheath 0,25 Plastic (with Sanitary Chemise)-"",Used inseminate Embryo in cows/Veterinary use.Country of Origin: Brazil,NO,11.72,0.006,0.005";;;;;;;;;;;
23594,Bainha Evolution para Inseminação Artificial - Bovinos ,Artificial Insemination Sheath - Evolution (bovines),Veterinary Use,NO,3.96,0.12,0.115;;;;;;;;;;;
"26043,Bainha 3W para Inseminação Artificial - Bovinos ,Artificial Insemination Sheath - 3W ,""Disposable item for field use, consisting of a plastic rod, used as a consumable accessory in animal handling operations in bovine production environments.";;;;;;;;;;;
"Not intended for medical use. Country of origin: Brazil"",NO,7.92,0.125,0.12";;;;;;;;;;;
"28801, Bainha 3W para Inseminação Artificial - Novilhas,Artificial Insemination Sheath Heifers - 3W ,""Disposable item for field use, consisting of a plastic rod, used as a consumable accessory in animal handling operations in heifer production environments.";;;;;;;;;;;
"Not intended for medical use. Country of origin: Brazil"",NO,7.92,0.095,0.09";;;;;;;;;;;
"15469,Bainha Flexível para IA Saída Lateral - 75 cm (Esterilizada),""Side Delivery 0.5ml ET Sheath with Metallic Head, sterile, 75cm"",,NO,0,0.013,0.012";;;;;;;;;;;
"15468,Bainha Flexível para IA Saída Lateral - 65 cm (Esterilizada),""Side Delivery 0.5ml ET Sheath with Metallic Head, sterile, 65cm"",,NO,0,0.012,0.01";;;;;;;;;;;
"15467,Bainha Flexível para IA Saída Frontal - 75 cm (Esterilizada),""Front Delivery 0.5ml ET Sheath with Metallic Head, sterile, 75cm"",,NO,0,0.013,0.012";;;;;;;;;;;
"15466,Bainha Flexível para IA Saída Frontal - 65 cm (Esterilizada),""Front Delivery 0.5ml ET Sheath with Metallic Head, sterile, 65cm"",,NO,0,0.012,0.01";;;;;;;;;;;
14549,Bainha Flexível para IA - 75 cm (Esterilizada),Universal A.I pipeta with flexible shaft 75cm,Used to inseminate semen in equine/Veterinary use. Country of origin: Brazil,NO,3.17,0.021,0.02;;;;;;;;;;;
"14548,Bainha Flexivel para IA - 65 cm (Esterilizada),""Universal A.I pipeta with flexible shaft  , 65cm"",Used to inseminate semen in equine/Veterinary use. Country of origin: Brazil,NO,1.75,0.021,0.02";;;;;;;;;;;
29435,Aquecedor de Filtro ,WARMING FILTER,Tube or filter heater for veterinary and laboratory use. Keeps biological samples at a constant temperature during transport or procedures-VETERINARY USE ONLY,NO,766,1.155,1.1;;;;;;;;;;;
29434,Aquecedor de Tubo Misto  TECH,Field Tube Heater Mixed Tech,Field tube heater for cattle AI warm-up,NO,450,5.49,4.89;;;;;;;;;;;
18032,Aquecedor de Tubo Misto ,TUBE HEATER MIXED,Tubular field heater for heating cattle during artificial insemination/veterinary use only,NO,382.49,3.3,2.43;;;;;;;;;;;
29433,Aquecedor de Tubo 50 - ATi,Field Tube Heater  50 ml Tech,Field tube heater for cattle AI warm-up.Country of Origin: Brazil,NO,450,5.49,4.89;;;;;;;;;;;
20435,Mesa Aquecedora Compacta,Compact Heating Stage,Used in laboratory to Keep Tubes Warm/Veterinary use inly,NO,402.42,1.4,0.695;;;;;;;;;;;
29291,Aquecedor de Bolso AB-Verde,Pocket Heater Green ,Pocket heater for farm-side tube warming.Country of Origin: Brazil,NO,273.6,0.5,0.4;;;;;;;;;;;
29391,Aquecedor de Bolso - AB - Azul - Tech,Pocket Heater Blue – ,Portable heater for maintaining the temperature of laboratory tubes used in veterinary procedures.Country of Origin: Brazil,NO,273.6,0.5,0.4;;;;;;;;;;;
24390,Aquecedor de Bolso - AB - vermelho - Tech,Pocket Heater Red ,Portable heater for maintaining the temperature of laboratory tubes used in veterinary procedures.Country of Origin: Brazil,NO,273.6,0.5,0.4;;;;;;;;;;;
21449,Aquecedor de Bolso - AB,Pocket Heater  - RED,Pocket heater for farm-side tube warming.Country of Origin: Brazil,NO,200,0.64,0.18;;;;;;;;;;;
29292,Aquecedor de Bolso - AB-Laranja ,Pocket Heater Orange –,Portable heater for maintaining the temperature of laboratory tubes used in veterinary procedures.Country of Origin: Brazil,NO,273.6,0.5,0.4;;;;;;;;;;;
13378,Aplicador para Bainha Flexivel - 75 cm,Equine Semen Applicator for Flexible Sheath - 75 cm ,Used to inseminate semen in equine/Veterinary use,NO,40.49,0.02,0.019;;;;;;;;;;;
29392,Aquecedor de Bolso Rosa,Pocket Heater Pink – ,Portable heater for maintaining the temperature of laboratory tubes used in veterinary procedures.Country of Origin: Brazil,NO,273.6,0.5,0.4;;;;;;;;;;;
13377,Aplicador para Bainha Flexivel - 65 cm,Equine Semen Applicator for Flexible Sheath - 65 cm ,Used to inseminate semen in equine/Veterinary use,NO,37.55,0.0155,0.015;;;;;;;;;;;
18372,Aplicador de Sêmen Universal com Trava Automática de Plástico - Preto,Universal Semen Applicator with Automatic Lock - Black,Veterinary artificial insemination instrument for bovine use.CCountry of Origin: Brazil,NO,26.7,0.065,0.04;;;;;;;;;;;
19883,Aplicador de Sêmen Universal com Trava Automática de Plástico - Laranja,Universal A.I gun-Orange,Veterinary artificial insemination instrument for bovine use.Country of Origin: Brazil ,NO,29.7,0.065,0.04;;;;;;;;;;;
18367,Aplicador de Sêmen Universal com Trava Automática de Plástico - Azul,Universal A.I gun- Blue,Veterinary artificial insemination instrument for bovine use.Country of Origin: Brazil,NO,29.7,0.065,0.04;;;;;;;;;;;
18373,Aplicador de Sêmen Universal com Trava Automática de Plástico - Vermelho,Universal Semen Applicator with Automatic Lock - Red,Veterinary artificial insemination instrument for bovine use.Country of Origin: Brazil,NO,29.7,0.065,0.04;;;;;;;;;;;
18371,Aplicador de Sêmen Universal com Trava Automática de Plástico - Verde,Universal Semen Applicator with Automatic Lock - Green,Veterinary artificial insemination instrument for bovine use.CCountry of Origin: Brazil,NO,29.7,0.065,0.04;;;;;;;;;;;
18369,Aplicador de Sêmen Universal com Trava Automática de Plástico - Amarelo ,UniversalL A.I. GUN - Yellow,Veterinary artificial insemination instrument for bovine use.Country of Origin: Brazil ,NO,29.7,0.065,0.04;;;;;;;;;;;
15816,Aplicador de Sêmen - Universal - Engate Rápido,Universal Semen Applicator with Aluminum Automatic Lock - Red ,Veterinary instrument used for artificial insemination procedures in cows. Intended exclusively for livestock reproductive management. Not for human medical use..Country of Origin: Brazil (BR),NO,62.05,0.075,0.05;;;;;;;;;;;
14355,Aplicador de Sêmen - Universal,SEMEN APPLICATOR - UNIVERSAL,,NO,28.47,0.14,0.05;;;;;;;;;;;
"10438,""Aplicador de Sêmen - 0,50"",""SEMEN APPLICATOR - 0,50"",,NO,24.41,0.14,0.05";;;;;;;;;;;
"10431,""Aplicador de Sêmen - 0,25"",""SEMEN APPLICATOR - 0,25"",,NO,24.41,0.15,0.06";;;;;;;;;;;
"25052,Agulha WTA Brenner 18G,18G Brenner System,""Disposable OPU follicular aspiration set, bovine, veterinary use; includes aspiration line and plastic rod with integrated tip, single-use, sterile.Country of Origin: Brazil"",NO,3.4,0.045,0.04";;;;;;;;;;;
28673,Agulha para Aspiração Duplo Fluxo Equino ,MANDREL TIP FOR OPU - DOUBLE WAY,Used to collect oocytes from cows ovary,NO,14.24,0.055,0.005;;;;;;;;;;;
28472,Agulha com Rosca Injetada 20G (Esterilizada),20G OPU MANDREL TIP - HEIFER,Used to collect oocytes from cows ovary,NO,3.8,0.003,0.002;;;;;;;;;;;
"34207,Agulha com Rosca Injetada 18G (Esterilizada),18G-Mandrel tip -Heifer,Disposable guide tube used as a consumable component in livestock reproductive handling kits. Intended exclusively for agricultural and veterinary use; not suitable for injection and not intended for human medical use.Country of origin: Brazil,NO,317,0.3,0.2";;;;;;;;;;;
"34208,Agulha para Aspiração 20G - (Esterilizada),20G  Mandrel tip Heifer,Disposable guide tube used as a consumable component in livestock reproductive handling kits. Intended exclusively for agricultural and veterinary use; not suitable for injection and not intended for human medical use.Country of origin: Brazil,NO,317,0.3,0.2";;;;;;;;;;;
10443,Adaptador Retal para Ovinos ,OVINE RECTAL ADAPTER,,NO,188.47,0.326,0.219;;;;;;;;;;;
"30222,Agulha para Aspiração Folicular Duplo Fluxo - Equinos (Embal),Equine Double-Flow Follicular Aspiration System,Disposable guide tube used as a consumable component in equine reproductive management kits. Intended exclusively for agricultural and veterinary use; not suitable for injection and not intended for human medical use. Country of origin: Brazil,NO,28.8,0.0302,0.025";;;;;;;;;;;
"25054,Agulha WTA Brenner 20G,20G Brenner System,""Disposable OPU follicular aspiration set, bovine, veterinary use; includes aspiration line and plastic rod with integrated tip, single-use, sterile..Country of Origin: Brazil"",NO,3.89,0.045,0.04";;;;;;;;;;;
28673,Agulha para Aspiração Duplo Fluxo Equino ,MANDREL TIP FOR OPU - DOUBLE WAY,Used to collect oocytes from cows ovary,NO,1.352,0.55,0.45;;;;;;;;;;;
"10577,Agulha para Inseminação - Pequenos Ruminantes (Esterilizada),Insemination mandrel - small ruminants,Disposable guide tube used as a consumable component in livestock reproductive handling kits. Intended exclusively for agricultural and veterinary use; not suitable for injection and not intended for human medical use.Country of origin: Brazil,NO,3.15,0.002,0.0005";;;;;;;;;;;
17925,Agulha para Aspiração Folicular com Rosca - 20G -,20G OPU Mandril  tip-Heifer-BR,Used to collect oocytes from cows ovary/Veterinary use.,NO,0.54,0.003,0.002;;;;;;;;;;;
"17927,Agulha com Rosca Injetada 18G (Esterilizada),18G OPU Mandril tip - Heifer-,Disposable guide tube used as a consumable component in livestock reproductive handling kits. Intended exclusively for agricultural and veterinary use; not suitable for injection and not intended for human medical use.Country of origin: Brazil,NO,317,0.3,0.2";;;;;;;;;;;
10443,Adaptador Retal para Ovinos ,OVINE RECTAL ADAPTER,,NO,179.352,0.326,0.219;;;;;;;;;;;
10443,Adaptador Retal para Ovinos ,OVINE RECTAL ADAPTER,Used to collect oocytes from sheeps ovary,NO,188.47,0.326,0.219;;;;;;;;;;;
